restaurant_id,city,zone,primary_cuisine,price_range,is_chain,offer_active,rating,num_ratings
1,Delhi NCR,East,Chinese,1,0,0,4.8,808
2,Mumbai,East,Italian,1,0,1,4.9,4931
3,Hyderabad,South,Italian,1,0,0,3.8,3873
4,Pune,South,Desserts,3,0,0,3.9,3283
5,Bangalore,South,North Indian,2,0,0,4.3,3162
6,Mumbai,North,South Indian,1,1,0,3.5,4073
7,Hyderabad,West,South Indian,1,0,1,4.9,3611
8,Mumbai,South,North Indian,2,0,1,4.5,2451
9,Bangalore,East,Fast Food,2,0,1,3.1,1728
10,Mumbai,South,Healthy Food,3,1,0,4.6,3737
11,Pune,South,Chinese,1,0,1,3.1,4428
12,Delhi NCR,Central,North Indian,2,0,0,4.9,1281
13,Pune,South,Healthy Food,2,0,1,3.9,1861
14,Bangalore,South,South Indian,2,0,0,3.3,4236
15,Delhi NCR,East,Chinese,3,1,0,4.3,3857
16,Hyderabad,South,Healthy Food,2,0,0,4.0,1015
17,Hyderabad,Central,Italian,2,0,0,3.5,3434
18,Pune,East,Biryani,1,0,0,3.2,3255
19,Mumbai,West,Chinese,2,0,0,3.8,2111
20,Pune,Central,South Indian,2,0,0,3.2,893
21,Pune,West,North Indian,2,0,0,4.0,1836
22,Delhi NCR,West,Healthy Food,2,1,0,3.0,3929
23,Delhi NCR,East,Italian,1,0,0,3.2,2544
24,Delhi NCR,West,Desserts,1,0,0,4.0,3421
25,Pune,East,South Indian,2,0,1,4.2,4646
26,Pune,South,Healthy Food,2,1,0,3.2,885
27,Hyderabad,East,Chinese,2,0,0,4.2,2926
28,Delhi NCR,East,Healthy Food,1,1,0,4.1,1896
29,Bangalore,North,North Indian,2,0,0,4.7,2206
30,Bangalore,West,Fast Food,2,0,0,3.8,4011
31,Pune,East,Italian,2,0,0,4.3,3954
32,Delhi NCR,South,Healthy Food,1,0,0,3.1,3939
33,Hyderabad,North,Chinese,3,0,1,3.1,3422
34,Pune,East,Healthy Food,2,0,0,3.2,3862
35,Delhi NCR,South,Healthy Food,3,0,0,4.8,4286
36,Delhi NCR,North,North Indian,1,1,1,3.1,4680
37,Bangalore,East,South Indian,1,1,1,3.8,3644
38,Pune,East,Desserts,3,0,1,4.5,2972
39,Pune,North,Italian,3,0,0,3.2,4764
40,Hyderabad,West,Biryani,2,1,0,4.9,3672
41,Delhi NCR,North,Chinese,2,0,1,3.2,4834
42,Mumbai,North,Desserts,2,1,0,4.4,3570
43,Delhi NCR,Central,Biryani,2,0,0,4.1,3867
44,Mumbai,Central,South Indian,2,0,1,4.0,2157
45,Bangalore,North,Desserts,1,0,0,3.7,1607
46,Bangalore,North,South Indian,1,0,1,3.8,4968
47,Hyderabad,East,Fast Food,2,0,1,4.4,4815
48,Hyderabad,West,South Indian,1,0,0,3.4,3588
49,Delhi NCR,West,Italian,3,1,0,3.3,3658
50,Mumbai,South,Fast Food,1,1,0,4.7,1212
51,Delhi NCR,North,Chinese,2,0,0,4.5,2286
52,Mumbai,West,Biryani,3,0,0,4.7,2772
53,Mumbai,East,South Indian,2,0,0,3.6,3253
54,Bangalore,East,Fast Food,2,0,1,4.1,4978
55,Mumbai,East,South Indian,1,0,0,3.9,2903
56,Delhi NCR,South,Italian,1,1,1,3.0,1108
57,Bangalore,East,Desserts,3,1,0,4.2,3182
58,Delhi NCR,North,North Indian,2,0,0,3.0,3472
59,Hyderabad,South,Fast Food,2,0,0,4.9,209
60,Delhi NCR,West,Chinese,3,0,1,4.2,2794
61,Bangalore,Central,South Indian,2,0,0,4.0,1794
62,Mumbai,Central,Chinese,2,1,1,4.5,1019
63,Bangalore,South,Desserts,2,0,0,3.1,4920
64,Bangalore,Central,North Indian,1,1,1,4.8,517
65,Hyderabad,West,Healthy Food,1,0,0,4.0,2086
66,Hyderabad,East,Chinese,1,0,0,4.7,3917
67,Bangalore,West,North Indian,1,0,0,4.0,3206
68,Bangalore,North,Desserts,1,0,0,3.1,830
69,Bangalore,South,Desserts,2,0,0,3.4,2329
70,Bangalore,West,Biryani,2,0,0,3.3,2925
71,Mumbai,South,Fast Food,4,0,1,3.8,208
72,Mumbai,North,Desserts,1,0,1,3.6,774
73,Hyderabad,South,Desserts,3,0,0,4.0,4778
74,Bangalore,South,Fast Food,1,0,0,4.6,1125
75,Hyderabad,North,Biryani,2,1,1,3.1,1922
76,Pune,North,Desserts,4,1,0,4.9,3330
77,Pune,Central,Chinese,2,0,0,4.5,3653
78,Delhi NCR,Central,Biryani,2,0,0,4.7,3531
79,Delhi NCR,West,Biryani,2,0,0,3.4,4834
80,Pune,South,Biryani,1,1,1,3.4,1149
81,Bangalore,North,Healthy Food,2,0,1,4.6,4842
82,Delhi NCR,West,South Indian,1,0,0,4.2,2180
83,Hyderabad,East,Italian,3,0,0,4.2,3795
84,Mumbai,North,Healthy Food,2,0,1,3.7,3460
85,Mumbai,East,Italian,1,0,0,3.1,4374
86,Delhi NCR,Central,Chinese,3,0,0,3.2,980
87,Delhi NCR,East,Biryani,1,0,1,3.2,4674
88,Hyderabad,East,Fast Food,1,0,0,4.5,1141
89,Delhi NCR,North,South Indian,3,0,0,4.8,3363
90,Pune,South,Italian,1,1,0,4.9,1414
91,Delhi NCR,South,North Indian,2,0,0,4.9,3904
92,Hyderabad,North,Healthy Food,1,0,0,3.3,2156
93,Delhi NCR,East,Italian,4,1,0,3.9,2260
94,Delhi NCR,North,Biryani,3,1,0,4.9,2239
95,Hyderabad,North,Italian,2,0,0,4.4,3128
96,Hyderabad,West,North Indian,1,0,0,4.4,1031
97,Delhi NCR,South,Italian,2,0,0,3.2,1657
98,Hyderabad,South,Healthy Food,1,1,1,4.8,1038
99,Hyderabad,South,Biryani,2,0,1,4.5,3716
100,Bangalore,Central,Chinese,1,0,0,3.3,3251
101,Hyderabad,East,Desserts,1,0,0,4.8,1680
102,Bangalore,North,South Indian,3,0,0,3.0,266
103,Hyderabad,West,North Indian,3,0,1,3.9,396
104,Delhi NCR,West,North Indian,2,1,0,3.4,4097
105,Mumbai,East,Chinese,2,0,0,3.3,217
106,Delhi NCR,Central,Italian,2,0,1,3.7,676
107,Bangalore,West,Chinese,1,0,0,4.6,724
108,Hyderabad,East,Chinese,1,0,1,4.4,1934
109,Bangalore,East,Desserts,4,1,0,3.4,3324
110,Bangalore,North,Fast Food,2,0,0,4.8,1766
111,Mumbai,West,Healthy Food,2,0,1,3.8,4533
112,Hyderabad,North,Biryani,2,1,1,4.1,1489
113,Hyderabad,East,Fast Food,1,0,0,4.7,885
114,Delhi NCR,East,North Indian,2,0,1,3.4,25
115,Delhi NCR,East,Chinese,1,0,1,4.0,1984
116,Bangalore,East,Desserts,1,0,0,3.5,2725
117,Pune,West,Chinese,3,0,0,3.7,3601
118,Bangalore,South,Desserts,1,0,0,3.3,1826
119,Delhi NCR,West,Fast Food,2,0,0,3.5,1580
120,Delhi NCR,North,Healthy Food,1,0,0,4.5,589
121,Bangalore,South,South Indian,2,0,0,3.4,4881
122,Delhi NCR,East,Italian,2,0,0,4.6,1782
123,Mumbai,Central,Fast Food,2,0,1,4.6,4191
124,Pune,Central,Italian,2,0,0,3.6,2435
125,Hyderabad,South,Chinese,2,0,0,3.1,2955
126,Hyderabad,Central,Healthy Food,1,0,1,3.5,4698
127,Bangalore,Central,North Indian,1,0,0,4.9,3359
128,Mumbai,West,North Indian,3,0,0,3.1,4746
129,Hyderabad,West,North Indian,2,0,0,4.0,4483
130,Delhi NCR,South,Fast Food,2,0,0,4.4,3333
131,Delhi NCR,North,South Indian,1,1,0,4.6,3529
132,Pune,South,Healthy Food,2,0,1,4.1,218
133,Delhi NCR,Central,Desserts,1,1,0,4.6,785
134,Bangalore,South,Biryani,4,0,1,3.7,2509
135,Hyderabad,West,Healthy Food,3,0,1,3.6,4221
136,Bangalore,East,Biryani,4,0,0,3.3,625
137,Delhi NCR,West,Italian,3,0,1,3.1,4285
138,Mumbai,West,Biryani,1,0,0,3.9,2484
139,Hyderabad,West,Biryani,4,0,1,3.8,1282
140,Delhi NCR,East,Italian,3,0,0,4.8,1549
141,Bangalore,North,North Indian,3,0,1,3.1,354
142,Delhi NCR,South,South Indian,1,1,0,3.6,1460
143,Pune,North,Biryani,3,0,0,3.5,3404
144,Mumbai,North,Italian,2,0,0,3.9,4046
145,Mumbai,South,Desserts,1,0,0,3.2,3776
146,Bangalore,West,South Indian,2,0,0,4.0,4135
147,Pune,North,South Indian,1,1,1,3.3,2947
148,Bangalore,Central,Fast Food,1,0,1,3.4,3161
149,Delhi NCR,West,Chinese,3,1,0,3.5,4946
150,Mumbai,South,Chinese,1,0,0,3.1,3047
151,Hyderabad,West,South Indian,1,0,0,4.1,2420
152,Delhi NCR,West,South Indian,1,0,0,3.1,1814
153,Pune,West,Fast Food,2,0,1,4.3,545
154,Bangalore,West,Healthy Food,2,0,1,4.5,536
155,Bangalore,South,Fast Food,2,0,0,3.6,1107
156,Mumbai,North,North Indian,2,0,0,4.1,2105
157,Mumbai,East,South Indian,2,0,1,4.7,955
158,Delhi NCR,West,North Indian,2,0,0,3.8,4088
159,Hyderabad,Central,South Indian,2,0,0,4.6,2409
160,Delhi NCR,East,Fast Food,2,0,0,4.9,634
161,Pune,Central,Fast Food,2,0,0,4.3,1677
162,Bangalore,East,Biryani,1,1,0,3.3,1902
163,Hyderabad,East,Chinese,2,0,0,3.3,1638
164,Bangalore,South,Chinese,1,0,1,4.3,2009
165,Delhi NCR,West,Chinese,2,0,1,4.2,3291
166,Delhi NCR,North,Desserts,2,0,1,4.9,2790
167,Pune,North,North Indian,2,0,1,4.6,135
168,Pune,West,South Indian,2,0,1,4.8,1153
169,Mumbai,Central,North Indian,2,0,0,3.6,4397
170,Bangalore,South,Biryani,4,0,0,4.5,1010
171,Pune,Central,South Indian,2,0,1,3.9,3364
172,Hyderabad,West,Chinese,3,1,0,4.4,3725
173,Hyderabad,East,Chinese,2,0,0,4.1,2417
174,Pune,Central,North Indian,2,0,0,3.4,4767
175,Hyderabad,South,Biryani,1,0,1,3.4,923
176,Bangalore,North,Fast Food,2,0,0,3.2,4174
177,Hyderabad,East,Biryani,1,0,0,4.2,260
178,Bangalore,South,North Indian,1,0,1,4.4,1798
179,Pune,East,Italian,2,0,0,4.3,1967
180,Mumbai,South,Desserts,1,0,0,3.5,4387
181,Bangalore,North,South Indian,1,0,1,4.7,4028
182,Bangalore,East,Desserts,1,1,0,4.9,3608
183,Bangalore,North,Desserts,2,0,0,4.2,4037
184,Hyderabad,West,Healthy Food,1,0,1,4.6,4010
185,Bangalore,South,South Indian,2,0,0,3.3,1343
186,Bangalore,Central,Fast Food,2,0,0,3.2,4580
187,Hyderabad,South,Chinese,2,1,0,4.6,157
188,Mumbai,West,South Indian,2,0,1,4.7,2462
189,Hyderabad,East,Desserts,1,0,1,4.0,4987
190,Bangalore,North,Biryani,1,0,0,4.7,1113
191,Delhi NCR,East,Healthy Food,2,1,0,3.2,818
192,Delhi NCR,West,Healthy Food,1,0,0,4.7,821
193,Mumbai,East,Italian,1,0,0,4.2,508
194,Pune,North,Desserts,2,1,0,4.0,509
195,Mumbai,East,North Indian,2,0,1,4.3,2253
196,Pune,Central,Biryani,1,0,0,5.0,4784
197,Hyderabad,Central,Fast Food,3,0,0,4.3,194
198,Mumbai,North,Desserts,3,1,0,4.4,4528
199,Mumbai,Central,Desserts,2,1,0,3.7,1892
200,Mumbai,South,Chinese,3,0,0,4.8,693
201,Hyderabad,East,South Indian,3,0,1,4.9,2186
202,Hyderabad,West,Desserts,1,0,0,3.8,4223
203,Pune,South,Chinese,3,0,0,3.5,3190
204,Bangalore,South,Biryani,2,0,0,3.2,1241
205,Mumbai,Central,North Indian,2,0,0,3.6,1771
206,Pune,North,Italian,1,0,1,3.4,4909
207,Bangalore,East,Chinese,4,0,0,4.5,1310
208,Bangalore,West,Biryani,2,0,0,3.8,4760
209,Pune,Central,Healthy Food,3,0,0,3.4,3090
210,Mumbai,South,Desserts,4,0,0,3.5,4256
211,Delhi NCR,East,Desserts,2,1,1,4.0,2689
212,Hyderabad,Central,Healthy Food,2,0,0,4.6,182
213,Mumbai,East,Fast Food,2,1,1,3.2,706
214,Pune,Central,North Indian,2,0,0,4.9,4869
215,Pune,Central,Biryani,3,0,0,4.2,2975
216,Hyderabad,Central,Desserts,1,0,1,4.6,1282
217,Delhi NCR,Central,Healthy Food,2,0,1,4.3,4516
218,Hyderabad,North,Desserts,2,1,0,4.4,2843
219,Delhi NCR,West,Fast Food,2,0,0,3.7,3681
220,Mumbai,West,Desserts,3,0,0,4.9,3434
221,Delhi NCR,South,South Indian,1,0,0,4.1,4822
222,Mumbai,South,Chinese,1,1,0,3.3,4097
223,Mumbai,Central,Fast Food,4,0,0,3.3,2675
224,Hyderabad,Central,Healthy Food,2,0,0,4.2,1499
225,Hyderabad,West,Healthy Food,1,0,0,4.0,386
226,Bangalore,North,Healthy Food,1,1,0,4.6,4338
227,Hyderabad,East,South Indian,2,0,0,3.1,3156
228,Pune,East,Italian,1,0,1,4.9,2765
229,Bangalore,East,Chinese,2,0,0,4.7,2497
230,Bangalore,North,South Indian,2,0,1,4.5,561
231,Hyderabad,North,Healthy Food,2,1,0,4.8,4844
232,Mumbai,West,South Indian,1,0,1,3.2,4489
233,Hyderabad,South,Biryani,3,0,0,4.6,772
234,Delhi NCR,North,Desserts,1,0,1,3.6,2622
235,Hyderabad,West,South Indian,1,0,1,3.3,3142
236,Hyderabad,East,Chinese,2,0,1,4.8,3083
237,Hyderabad,South,South Indian,2,0,1,3.6,1478
238,Mumbai,South,Italian,2,0,1,3.1,1303
239,Mumbai,East,Chinese,2,1,1,3.6,333
240,Bangalore,Central,South Indian,2,0,1,3.8,4838
241,Bangalore,East,South Indian,2,0,0,3.9,2933
242,Pune,North,Italian,2,0,0,4.5,3763
243,Delhi NCR,North,Fast Food,2,0,1,4.6,1925
244,Mumbai,Central,Italian,3,0,0,3.4,4554
245,Delhi NCR,North,Fast Food,3,0,0,4.2,1658
246,Delhi NCR,Central,Desserts,4,0,0,4.7,2515
247,Delhi NCR,North,Chinese,4,1,0,4.8,4406
248,Hyderabad,East,Biryani,2,0,0,4.6,2108
249,Mumbai,East,Biryani,3,0,1,3.3,1279
250,Hyderabad,North,Biryani,2,0,1,4.5,1598
251,Hyderabad,South,Fast Food,1,0,0,4.8,4485
252,Bangalore,East,Chinese,2,0,0,3.8,4477
253,Delhi NCR,South,Italian,2,0,1,4.3,758
254,Hyderabad,Central,Italian,1,1,0,4.5,1002
255,Mumbai,West,Fast Food,2,0,0,3.9,1590
256,Pune,North,Fast Food,1,1,0,3.0,2797
257,Bangalore,South,Italian,2,1,0,3.2,1486
258,Mumbai,West,Healthy Food,2,0,0,4.8,3846
259,Bangalore,West,Italian,2,0,0,4.1,2307
260,Pune,South,Biryani,1,0,1,3.2,182
261,Mumbai,Central,Chinese,3,0,0,4.5,1879
262,Delhi NCR,West,Desserts,4,0,0,3.7,1006
263,Mumbai,South,South Indian,2,0,0,4.0,1533
264,Bangalore,Central,Fast Food,2,0,0,4.6,2306
265,Mumbai,East,Fast Food,1,0,0,4.3,724
266,Hyderabad,South,Fast Food,2,0,0,5.0,3542
267,Hyderabad,East,Italian,4,0,1,3.8,3342
268,Mumbai,North,South Indian,3,1,1,4.6,2002
269,Mumbai,North,Desserts,1,0,1,3.2,4037
270,Bangalore,South,Desserts,3,1,1,3.6,3853
271,Mumbai,Central,Healthy Food,1,0,0,4.3,4674
272,Mumbai,South,Biryani,2,0,0,4.1,1843
273,Mumbai,West,Desserts,2,0,1,4.2,1863
274,Delhi NCR,South,North Indian,1,0,0,4.6,3579
275,Pune,South,Biryani,3,0,1,3.3,1385
276,Mumbai,East,Biryani,3,0,1,3.3,3256
277,Bangalore,West,Fast Food,2,1,0,5.0,236
278,Delhi NCR,South,South Indian,2,0,1,4.3,2046
279,Delhi NCR,South,Biryani,2,0,0,4.9,1770
280,Delhi NCR,South,Biryani,2,0,0,3.6,2829
281,Mumbai,West,North Indian,1,1,0,4.6,1888
282,Hyderabad,West,Desserts,1,0,1,4.9,255
283,Pune,East,Desserts,4,1,0,3.4,3171
284,Mumbai,Central,North Indian,1,0,0,3.3,3954
285,Delhi NCR,East,South Indian,2,0,0,3.5,1693
286,Hyderabad,East,South Indian,2,0,1,4.7,1594
287,Delhi NCR,South,Italian,2,1,0,3.2,4849
288,Mumbai,Central,South Indian,1,0,1,4.7,2940
289,Mumbai,North,Italian,2,0,0,4.0,4284
290,Bangalore,West,Fast Food,1,0,1,4.2,2351
291,Delhi NCR,West,Healthy Food,2,0,0,3.9,2854
292,Delhi NCR,West,North Indian,2,0,1,4.1,3249
293,Hyderabad,South,Chinese,2,0,0,4.0,1119
294,Pune,North,North Indian,2,0,1,3.8,2124
295,Mumbai,West,South Indian,3,0,0,4.0,4641
296,Bangalore,East,Healthy Food,4,0,0,3.1,2922
297,Delhi NCR,Central,Italian,1,0,1,3.5,3127
298,Pune,East,Healthy Food,3,0,1,4.2,2995
299,Hyderabad,Central,Italian,1,1,1,4.5,2309
300,Bangalore,South,Italian,3,0,1,3.2,92
301,Delhi NCR,South,Chinese,2,0,0,3.0,4784
302,Bangalore,West,Chinese,3,0,1,3.9,3169
303,Delhi NCR,West,Italian,3,1,0,4.3,2293
304,Mumbai,Central,Fast Food,2,0,0,4.3,3514
305,Hyderabad,South,North Indian,3,0,0,3.1,952
306,Mumbai,Central,Desserts,2,1,0,4.5,4837
307,Delhi NCR,Central,South Indian,1,0,0,4.2,3175
308,Pune,East,South Indian,1,0,1,4.1,1728
309,Hyderabad,Central,Chinese,2,0,1,3.4,378
310,Pune,South,Healthy Food,2,1,0,3.1,3593
311,Bangalore,South,Desserts,1,0,1,3.4,3194
312,Mumbai,South,Healthy Food,2,0,1,3.6,4379
313,Pune,Central,Italian,2,0,0,4.9,4748
314,Bangalore,North,Chinese,2,0,0,4.8,995
315,Delhi NCR,West,South Indian,2,0,0,3.0,902
316,Bangalore,South,Fast Food,2,0,1,3.0,4761
317,Bangalore,East,Desserts,2,0,0,3.4,3719
318,Mumbai,North,Biryani,2,0,1,3.7,4067
319,Hyderabad,Central,Healthy Food,1,0,0,4.1,281
320,Delhi NCR,West,North Indian,2,0,1,3.4,208
321,Hyderabad,East,North Indian,2,0,0,3.1,955
322,Mumbai,West,Chinese,2,0,0,3.8,3126
323,Pune,South,Fast Food,3,0,0,3.9,4326
324,Delhi NCR,West,Chinese,2,0,0,5.0,3159
325,Delhi NCR,West,Desserts,1,0,1,3.2,3679
326,Hyderabad,East,Fast Food,2,0,0,3.3,4852
327,Bangalore,South,North Indian,2,0,0,3.8,3641
328,Delhi NCR,West,Chinese,2,0,1,3.2,2655
329,Pune,Central,Desserts,1,0,1,3.9,3447
330,Hyderabad,West,Italian,2,0,0,4.9,3735
331,Bangalore,North,Chinese,2,0,0,3.4,1555
332,Bangalore,East,Fast Food,2,0,0,3.4,3856
333,Delhi NCR,West,Desserts,1,0,1,3.9,2633
334,Mumbai,South,Desserts,1,0,1,4.7,1462
335,Hyderabad,East,Italian,1,0,0,4.9,1413
336,Hyderabad,Central,Healthy Food,4,0,1,3.9,2590
337,Delhi NCR,West,Healthy Food,1,0,0,3.6,2554
338,Mumbai,South,South Indian,2,0,1,3.1,1114
339,Hyderabad,East,Italian,1,1,1,4.3,4308
340,Hyderabad,West,Healthy Food,1,1,0,3.8,942
341,Mumbai,North,Healthy Food,4,0,1,4.2,1267
342,Pune,Central,South Indian,2,0,0,3.4,3584
343,Delhi NCR,West,Chinese,2,0,0,3.7,4101
344,Pune,Central,Desserts,2,0,1,4.2,4188
345,Mumbai,West,Italian,2,0,0,3.7,3249
346,Delhi NCR,Central,South Indian,2,0,0,3.3,668
347,Bangalore,Central,North Indian,2,0,0,5.0,4163
348,Bangalore,South,South Indian,3,0,1,4.7,1391
349,Bangalore,South,Biryani,2,0,0,4.9,3356
350,Hyderabad,Central,South Indian,2,0,0,3.7,444
351,Bangalore,North,Biryani,3,1,1,3.4,1155
352,Bangalore,East,North Indian,3,0,0,3.9,2287
353,Bangalore,Central,Healthy Food,2,1,0,4.6,3172
354,Hyderabad,North,Italian,2,0,0,3.9,4836
355,Hyderabad,North,Desserts,3,1,0,3.9,4485
356,Bangalore,East,Fast Food,2,0,0,4.2,2493
357,Bangalore,West,Fast Food,1,0,0,4.0,2119
358,Mumbai,East,Italian,2,0,1,3.5,4246
359,Bangalore,South,Fast Food,3,1,0,3.5,4797
360,Mumbai,Central,North Indian,4,0,0,4.0,4152
361,Mumbai,West,Biryani,3,0,0,4.3,2013
362,Pune,Central,Desserts,2,0,0,3.3,2388
363,Pune,Central,Chinese,1,1,0,4.2,4054
364,Mumbai,East,South Indian,2,0,0,4.6,275
365,Mumbai,East,Italian,1,0,0,4.2,4483
366,Pune,Central,Chinese,3,0,0,3.5,3960
367,Bangalore,West,Biryani,2,0,0,3.2,2157
368,Mumbai,North,Desserts,2,0,0,4.8,4974
369,Bangalore,Central,Chinese,2,1,1,4.1,2107
370,Pune,West,Desserts,3,0,0,3.6,4447
371,Delhi NCR,South,Biryani,2,1,0,4.1,387
372,Hyderabad,South,Chinese,1,1,0,4.1,96
373,Hyderabad,West,Chinese,1,0,1,3.4,2641
374,Hyderabad,South,Fast Food,2,0,0,4.2,4967
375,Hyderabad,North,South Indian,1,0,0,4.2,416
376,Pune,North,Biryani,2,0,0,3.2,1965
377,Pune,West,Healthy Food,2,0,1,3.5,195
378,Delhi NCR,East,South Indian,1,1,1,3.4,4190
379,Mumbai,North,South Indian,2,0,0,4.4,4780
380,Pune,Central,North Indian,2,0,0,3.4,2837
381,Delhi NCR,South,Healthy Food,1,0,1,4.5,1641
382,Mumbai,West,Biryani,2,0,0,4.5,3780
383,Bangalore,North,Healthy Food,2,0,0,3.2,1701
384,Mumbai,West,Desserts,4,0,1,5.0,3854
385,Bangalore,Central,Chinese,2,1,0,4.6,2696
386,Hyderabad,South,North Indian,2,0,0,3.8,3444
387,Bangalore,North,South Indian,2,0,0,3.9,2640
388,Bangalore,North,Chinese,2,0,0,4.3,1345
389,Delhi NCR,West,Fast Food,4,0,0,4.1,2640
390,Bangalore,South,South Indian,1,0,1,3.7,1832
391,Bangalore,West,Fast Food,4,0,1,3.6,924
392,Pune,East,Italian,2,0,1,3.2,3935
393,Delhi NCR,North,Fast Food,2,0,0,4.8,2268
394,Pune,West,Chinese,3,1,0,4.6,3868
395,Pune,South,Italian,2,0,0,3.6,3651
396,Bangalore,South,Healthy Food,3,0,0,4.9,238
397,Delhi NCR,West,North Indian,3,1,1,3.2,3788
398,Bangalore,West,South Indian,3,0,0,3.2,4400
399,Delhi NCR,West,Biryani,1,0,0,3.9,2535
400,Mumbai,East,North Indian,2,0,0,3.1,3460
401,Hyderabad,South,Chinese,2,0,1,3.9,3159
402,Bangalore,North,Biryani,2,0,0,3.7,2080
403,Bangalore,East,Fast Food,2,0,1,3.7,3716
404,Delhi NCR,South,Italian,2,0,0,3.4,1088
405,Pune,Central,Chinese,2,0,0,3.5,1300
406,Hyderabad,East,Healthy Food,1,0,0,4.5,2007
407,Bangalore,West,Biryani,2,1,0,3.6,4413
408,Hyderabad,North,Fast Food,2,0,0,4.5,4545
409,Delhi NCR,West,Chinese,2,0,1,3.9,1048
410,Hyderabad,North,Chinese,1,0,0,3.7,570
411,Delhi NCR,South,South Indian,1,0,1,4.6,3985
412,Delhi NCR,West,South Indian,2,0,0,3.1,2994
413,Delhi NCR,East,Healthy Food,1,0,0,3.8,1465
414,Delhi NCR,North,South Indian,2,0,0,4.1,4679
415,Delhi NCR,Central,Desserts,1,0,1,4.5,1075
416,Pune,East,North Indian,3,0,0,3.0,371
417,Hyderabad,East,Chinese,2,0,0,4.5,4991
418,Bangalore,West,South Indian,2,1,0,4.8,2866
419,Pune,West,North Indian,2,0,1,4.5,3738
420,Hyderabad,East,Healthy Food,2,0,0,4.3,2627
421,Bangalore,North,Fast Food,2,0,0,4.9,896
422,Delhi NCR,West,Healthy Food,4,1,0,4.3,2699
423,Bangalore,Central,Italian,2,0,0,3.6,3157
424,Hyderabad,West,Chinese,1,0,1,4.8,2981
425,Bangalore,North,Fast Food,2,0,0,4.5,1810
426,Hyderabad,Central,North Indian,2,0,1,3.5,2874
427,Mumbai,West,South Indian,2,0,1,4.4,4955
428,Pune,East,Fast Food,2,0,0,4.5,2395
429,Mumbai,East,Desserts,1,0,0,3.7,1715
430,Hyderabad,East,Biryani,2,0,0,3.7,1282
431,Mumbai,North,Fast Food,1,0,0,3.7,1439
432,Pune,West,North Indian,2,0,0,4.3,2005
433,Hyderabad,South,Italian,3,0,0,3.4,4292
434,Mumbai,North,Desserts,2,0,0,3.2,2782
435,Hyderabad,Central,Biryani,2,1,0,3.2,2825
436,Bangalore,East,Italian,4,0,1,3.5,2292
437,Delhi NCR,South,Healthy Food,2,0,0,4.7,4067
438,Delhi NCR,East,Italian,2,0,0,3.3,1117
439,Mumbai,South,Biryani,1,1,0,3.6,585
440,Bangalore,North,Italian,2,0,0,4.3,2601
441,Pune,South,Desserts,2,0,0,3.8,1588
442,Pune,South,Chinese,2,0,0,4.6,3771
443,Hyderabad,West,North Indian,1,0,1,4.9,404
444,Delhi NCR,West,North Indian,2,0,0,4.1,3153
445,Delhi NCR,North,South Indian,2,0,0,4.5,2504
446,Hyderabad,North,Italian,2,1,0,4.4,4733
447,Mumbai,North,Biryani,2,0,0,3.3,782
448,Pune,South,Biryani,3,0,0,4.5,2281
449,Bangalore,East,Desserts,1,0,0,4.1,3421
450,Mumbai,Central,Desserts,3,0,0,4.2,3716
451,Mumbai,North,North Indian,2,1,0,3.5,4534
452,Mumbai,Central,Chinese,2,0,0,3.3,163
453,Delhi NCR,East,Biryani,2,0,0,3.5,3184
454,Pune,North,Fast Food,2,0,0,3.5,2395
455,Delhi NCR,East,Fast Food,1,0,1,4.2,3116
456,Bangalore,North,Italian,3,1,0,4.4,3306
457,Hyderabad,West,Desserts,1,0,0,3.9,2398
458,Bangalore,South,Fast Food,2,0,1,4.1,4596
459,Hyderabad,East,Biryani,1,0,0,3.2,1290
460,Hyderabad,West,Fast Food,1,0,0,4.0,568
461,Pune,North,Italian,2,0,0,3.7,274
462,Hyderabad,South,Healthy Food,2,0,1,4.6,2116
463,Mumbai,West,Desserts,2,0,0,5.0,3876
464,Hyderabad,South,Chinese,3,0,0,3.3,1446
465,Bangalore,Central,Desserts,2,0,0,4.9,3164
466,Delhi NCR,Central,Italian,2,0,1,3.7,151
467,Hyderabad,South,Desserts,2,0,0,4.3,4755
468,Delhi NCR,North,North Indian,3,0,0,4.2,910
469,Mumbai,West,Italian,2,1,1,3.6,4780
470,Bangalore,Central,Chinese,1,0,1,3.4,19
471,Delhi NCR,North,Chinese,2,0,0,4.1,4235
472,Delhi NCR,East,Healthy Food,1,0,0,3.5,4394
473,Bangalore,Central,Biryani,3,1,0,4.4,3242
474,Mumbai,South,Italian,4,1,0,4.1,2239
475,Pune,Central,Desserts,1,0,0,3.2,4730
476,Delhi NCR,South,Italian,2,0,0,3.2,4269
477,Mumbai,East,Fast Food,2,1,0,3.8,2143
478,Pune,South,Chinese,2,0,0,4.1,929
479,Bangalore,Central,South Indian,1,0,0,4.5,2291
480,Delhi NCR,North,Healthy Food,3,0,0,3.6,4322
481,Hyderabad,South,North Indian,2,0,1,4.0,2473
482,Pune,Central,Healthy Food,2,0,0,3.6,213
483,Hyderabad,South,Healthy Food,1,0,0,4.7,3887
484,Mumbai,North,South Indian,3,0,0,4.5,3254
485,Hyderabad,West,Desserts,2,0,0,4.4,4563
486,Mumbai,West,South Indian,2,0,0,3.9,4971
487,Mumbai,Central,Chinese,1,0,0,3.9,663
488,Delhi NCR,Central,Desserts,1,0,0,3.9,3184
489,Bangalore,East,Desserts,3,0,0,4.0,3392
490,Pune,Central,Chinese,1,0,1,4.0,553
491,Bangalore,Central,South Indian,2,0,1,4.4,1458
492,Pune,South,Desserts,2,1,0,3.6,4935
493,Bangalore,Central,Italian,2,0,1,3.6,420
494,Pune,South,North Indian,2,0,0,4.3,3898
495,Hyderabad,East,Healthy Food,1,0,0,3.6,3643
496,Pune,West,Italian,2,0,0,5.0,4172
497,Mumbai,North,Italian,2,0,0,4.8,4859
498,Mumbai,East,Italian,2,1,1,3.5,4701
499,Delhi NCR,North,Desserts,1,0,1,4.9,4664
500,Hyderabad,East,South Indian,1,0,1,4.3,1709
501,Mumbai,Central,Healthy Food,2,1,0,4.4,4780
502,Delhi NCR,Central,Italian,2,0,1,3.4,3436
503,Delhi NCR,South,Fast Food,2,0,1,4.0,4170
504,Bangalore,West,South Indian,2,0,0,4.4,4826
505,Delhi NCR,Central,Chinese,2,0,0,4.7,4212
506,Mumbai,North,Biryani,2,0,0,3.4,77
507,Mumbai,South,Chinese,2,0,0,4.1,3089
508,Mumbai,East,South Indian,1,0,1,3.2,2043
509,Hyderabad,West,South Indian,1,0,0,4.7,4453
510,Delhi NCR,Central,Desserts,2,0,0,4.2,439
511,Pune,West,Healthy Food,2,0,1,3.9,4777
512,Pune,Central,Biryani,2,0,0,4.7,3506
513,Delhi NCR,East,Desserts,1,0,1,4.8,2108
514,Bangalore,North,Biryani,2,0,1,4.9,2670
515,Delhi NCR,North,Biryani,2,0,0,4.9,3546
516,Hyderabad,Central,Biryani,2,0,0,4.4,4957
517,Pune,Central,Desserts,1,0,1,3.9,1809
518,Pune,West,Desserts,1,0,0,3.3,4179
519,Pune,Central,Healthy Food,2,1,0,4.7,2213
520,Bangalore,South,Desserts,3,0,0,4.3,181
521,Delhi NCR,Central,Healthy Food,1,1,0,4.1,62
522,Hyderabad,West,Biryani,2,0,0,3.8,3954
523,Delhi NCR,Central,Healthy Food,1,0,0,3.8,760
524,Delhi NCR,South,Biryani,1,0,0,4.9,1771
525,Pune,East,Biryani,4,0,0,4.7,4018
526,Hyderabad,South,Biryani,2,0,0,3.7,1189
527,Bangalore,South,Healthy Food,2,0,0,4.3,4267
528,Pune,West,Healthy Food,3,0,1,3.6,3866
529,Mumbai,West,Italian,2,0,0,3.5,2929
530,Bangalore,West,Italian,1,0,0,3.2,1964
531,Pune,North,Healthy Food,2,0,0,5.0,2640
532,Delhi NCR,South,South Indian,1,1,1,3.6,1850
533,Mumbai,North,Biryani,1,0,0,3.5,4045
534,Bangalore,South,North Indian,2,0,0,4.3,4632
535,Delhi NCR,West,Italian,4,0,0,4.6,515
536,Delhi NCR,South,North Indian,2,0,0,3.4,691
537,Pune,North,Biryani,4,0,0,4.6,208
538,Hyderabad,Central,Desserts,2,1,0,3.6,4388
539,Delhi NCR,West,South Indian,1,0,1,4.2,3666
540,Delhi NCR,South,Chinese,2,1,0,4.2,3982
541,Pune,West,Biryani,2,0,0,3.1,2354
542,Delhi NCR,South,Biryani,3,0,0,4.3,4992
543,Mumbai,North,Biryani,2,0,0,3.9,4207
544,Mumbai,West,South Indian,1,0,1,4.5,1925
545,Bangalore,West,Italian,2,0,0,3.1,840
546,Bangalore,West,South Indian,2,0,0,4.5,1380
547,Delhi NCR,Central,Italian,2,0,0,3.5,3909
548,Pune,North,Chinese,1,0,0,3.9,3053
549,Delhi NCR,North,South Indian,4,0,0,3.9,2463
550,Pune,East,South Indian,3,0,0,4.4,92
551,Mumbai,South,Italian,1,0,1,3.1,1647
552,Pune,West,Healthy Food,2,0,0,3.5,927
553,Mumbai,North,Fast Food,2,0,0,4.3,3961
554,Mumbai,East,Healthy Food,4,0,0,4.4,4149
555,Pune,East,Fast Food,3,0,0,3.5,4963
556,Hyderabad,North,North Indian,1,0,0,3.7,2278
557,Delhi NCR,East,South Indian,2,0,0,3.1,3640
558,Bangalore,North,Fast Food,3,0,0,3.0,2792
559,Pune,South,North Indian,2,0,0,3.0,4190
560,Delhi NCR,West,Desserts,1,0,0,3.7,3624
561,Hyderabad,South,Healthy Food,2,0,0,3.1,4648
562,Delhi NCR,South,North Indian,1,0,0,3.8,4434
563,Mumbai,West,North Indian,1,1,0,4.5,3186
564,Bangalore,Central,Fast Food,2,0,0,4.7,4299
565,Hyderabad,South,Healthy Food,1,0,1,3.9,3004
566,Delhi NCR,Central,Desserts,2,0,0,3.4,4284
567,Bangalore,West,Fast Food,1,0,1,3.5,3442
568,Pune,Central,Desserts,3,0,0,4.5,3182
569,Pune,North,Italian,2,0,0,3.2,984
570,Bangalore,West,Fast Food,1,0,0,3.9,1331
571,Bangalore,West,North Indian,2,0,0,4.3,2467
572,Delhi NCR,South,Healthy Food,3,0,0,3.4,1046
573,Bangalore,East,Desserts,2,0,1,4.4,4075
574,Pune,West,Desserts,3,0,0,3.6,3358
575,Hyderabad,South,Italian,2,0,0,4.9,2496
576,Bangalore,North,South Indian,2,0,0,4.9,2135
577,Hyderabad,West,Desserts,4,0,0,4.3,2049
578,Pune,Central,Biryani,2,1,0,3.4,4856
579,Mumbai,East,North Indian,2,0,1,4.4,2298
580,Bangalore,South,North Indian,2,0,0,4.7,4545
581,Mumbai,North,Fast Food,2,0,0,3.9,359
582,Pune,West,Fast Food,2,0,1,4.0,1652
583,Mumbai,West,Desserts,3,0,1,4.0,2976
584,Mumbai,West,Biryani,2,0,0,3.5,970
585,Bangalore,South,Chinese,2,1,0,4.7,4356
586,Bangalore,East,North Indian,4,0,0,3.3,616
587,Bangalore,South,South Indian,1,0,0,4.5,1811
588,Mumbai,East,Healthy Food,2,0,1,3.7,292
589,Delhi NCR,West,Desserts,1,0,0,4.2,3911
590,Bangalore,Central,Chinese,2,1,0,4.9,3810
591,Bangalore,North,Italian,2,1,1,3.1,3020
592,Delhi NCR,East,Biryani,1,0,0,3.1,830
593,Delhi NCR,Central,Italian,3,0,0,3.3,4301
594,Mumbai,Central,South Indian,3,0,0,4.3,2713
595,Hyderabad,East,Fast Food,3,0,0,3.6,1483
596,Pune,East,Desserts,2,0,0,3.9,3593
597,Hyderabad,East,Biryani,1,1,1,4.1,2252
598,Delhi NCR,North,Biryani,2,0,0,4.8,2759
599,Pune,West,Italian,2,0,0,3.4,3188
600,Hyderabad,Central,Italian,1,0,0,4.0,4209
601,Mumbai,East,Healthy Food,1,1,0,3.3,4953
602,Delhi NCR,Central,Fast Food,2,0,0,4.4,3997
603,Pune,North,North Indian,3,1,1,4.1,3100
604,Hyderabad,East,Chinese,4,0,0,3.6,2386
605,Mumbai,Central,Biryani,2,1,0,3.9,1302
606,Hyderabad,Central,Healthy Food,2,0,0,4.4,2960
607,Mumbai,West,Italian,1,0,0,4.9,1387
608,Delhi NCR,Central,Desserts,1,0,1,3.5,3255
609,Pune,North,Healthy Food,2,0,0,4.6,2429
610,Mumbai,West,Desserts,2,0,0,4.9,3742
611,Delhi NCR,East,Italian,1,1,1,3.0,3332
612,Pune,South,South Indian,3,0,1,3.0,4822
613,Pune,Central,North Indian,2,0,0,3.3,1257
614,Hyderabad,West,Healthy Food,4,0,0,4.9,689
615,Hyderabad,South,South Indian,2,0,1,4.6,4087
616,Mumbai,South,South Indian,1,0,1,4.1,1948
617,Pune,North,South Indian,2,0,0,4.0,2243
618,Delhi NCR,Central,Desserts,3,1,1,4.3,4801
619,Bangalore,North,North Indian,2,1,1,4.9,1714
620,Hyderabad,East,Desserts,2,0,0,3.4,4028
621,Mumbai,North,Fast Food,2,0,0,4.8,2858
622,Mumbai,Central,Chinese,1,0,0,4.2,3726
623,Delhi NCR,West,Chinese,2,0,1,3.1,4203
624,Mumbai,North,North Indian,1,0,0,3.2,1019
625,Bangalore,East,Italian,2,0,1,4.5,1190
626,Hyderabad,South,Italian,2,0,0,3.1,819
627,Bangalore,South,Desserts,2,0,0,4.7,4187
628,Pune,East,Italian,2,0,0,3.3,3903
629,Hyderabad,South,Biryani,1,0,1,4.4,2783
630,Delhi NCR,West,Fast Food,2,0,0,4.0,2312
631,Mumbai,East,Desserts,2,0,1,3.7,2571
632,Bangalore,North,Desserts,3,0,1,3.6,4197
633,Pune,Central,Chinese,3,0,0,4.1,2708
634,Mumbai,South,Biryani,3,0,1,4.4,2228
635,Delhi NCR,South,Fast Food,3,0,1,3.7,3722
636,Delhi NCR,Central,South Indian,1,0,1,4.5,1739
637,Delhi NCR,Central,Healthy Food,2,0,0,4.3,2179
638,Mumbai,East,North Indian,1,0,0,4.1,3897
639,Hyderabad,East,North Indian,1,0,0,4.8,4364
640,Pune,Central,Biryani,2,0,0,4.8,2619
641,Delhi NCR,Central,Fast Food,3,1,0,3.2,2642
642,Hyderabad,South,Chinese,3,0,1,4.5,4553
643,Bangalore,South,Chinese,2,0,1,4.1,1805
644,Bangalore,East,Fast Food,1,0,1,3.3,687
645,Bangalore,East,Desserts,1,0,0,3.8,808
646,Mumbai,West,Desserts,4,0,1,3.5,4868
647,Mumbai,West,South Indian,1,0,0,3.7,4253
648,Mumbai,East,Biryani,1,1,1,3.4,956
649,Bangalore,North,Chinese,3,1,0,3.2,982
650,Delhi NCR,East,Healthy Food,2,0,1,4.7,4143
651,Mumbai,Central,Healthy Food,2,0,0,3.3,3616
652,Delhi NCR,Central,Desserts,3,1,0,4.2,3617
653,Bangalore,Central,Healthy Food,2,0,0,4.0,3329
654,Mumbai,South,Fast Food,2,1,0,3.5,1146
655,Hyderabad,West,Italian,4,1,0,3.7,4948
656,Mumbai,North,Healthy Food,1,0,0,3.8,1739
657,Pune,North,Healthy Food,3,0,0,3.5,942
658,Hyderabad,Central,Chinese,1,0,0,3.6,858
659,Bangalore,West,North Indian,2,0,0,3.9,2761
660,Hyderabad,South,Biryani,1,1,0,3.2,1757
661,Delhi NCR,Central,Biryani,2,0,0,3.1,1111
662,Hyderabad,East,Italian,3,1,1,3.3,414
663,Mumbai,East,Healthy Food,2,1,1,3.1,3302
664,Pune,West,Fast Food,1,1,0,3.8,2173
665,Hyderabad,South,Healthy Food,1,0,1,4.3,975
666,Delhi NCR,South,Healthy Food,2,1,1,3.7,4296
667,Delhi NCR,Central,South Indian,2,1,0,4.2,4185
668,Hyderabad,Central,Healthy Food,2,0,0,4.2,4856
669,Pune,West,South Indian,2,0,1,3.3,2459
670,Delhi NCR,South,Italian,2,0,1,4.0,3707
671,Delhi NCR,West,Chinese,1,0,0,3.9,982
672,Delhi NCR,North,Biryani,2,1,0,4.6,1286
673,Delhi NCR,North,South Indian,1,0,0,4.9,4725
674,Pune,South,Italian,2,1,0,4.2,2110
675,Mumbai,Central,Chinese,2,0,0,4.9,3374
676,Delhi NCR,East,Healthy Food,3,1,0,3.3,2739
677,Hyderabad,North,Fast Food,2,1,1,4.3,4928
678,Hyderabad,West,Desserts,2,0,0,3.1,4613
679,Pune,North,Desserts,1,0,1,5.0,549
680,Hyderabad,South,North Indian,2,1,0,3.9,4773
681,Bangalore,Central,Desserts,2,1,1,4.6,1295
682,Bangalore,Central,Fast Food,3,0,1,3.8,4594
683,Pune,West,Chinese,4,0,1,3.3,3788
684,Hyderabad,South,Biryani,2,0,0,4.5,1095
685,Pune,Central,Italian,1,1,0,3.0,4868
686,Mumbai,North,South Indian,3,0,0,4.3,2403
687,Mumbai,East,Chinese,3,1,0,3.3,4258
688,Delhi NCR,Central,South Indian,3,0,0,4.3,2407
689,Mumbai,Central,South Indian,3,0,0,4.5,3798
690,Delhi NCR,West,Chinese,3,0,0,3.3,2324
691,Bangalore,North,Chinese,1,0,0,4.4,2381
692,Bangalore,West,Fast Food,2,0,0,4.7,3470
693,Bangalore,East,Chinese,2,0,0,3.7,3341
694,Pune,Central,Healthy Food,1,1,1,4.9,2847
695,Mumbai,Central,Biryani,2,0,0,3.4,2508
696,Mumbai,East,Chinese,2,0,1,3.5,515
697,Delhi NCR,West,Fast Food,1,1,0,4.1,745
698,Bangalore,South,North Indian,2,0,0,3.6,31
699,Mumbai,Central,Fast Food,2,0,1,5.0,3948
700,Pune,Central,Chinese,1,1,0,3.8,4384
701,Bangalore,West,Fast Food,2,0,0,4.0,3864
702,Mumbai,Central,Fast Food,3,1,0,4.5,196
703,Bangalore,Central,South Indian,3,0,0,4.5,1648
704,Mumbai,Central,Healthy Food,3,0,0,3.4,1271
705,Delhi NCR,West,North Indian,1,0,0,3.3,1685
706,Pune,West,Healthy Food,2,1,0,3.1,1581
707,Mumbai,Central,South Indian,1,0,0,4.5,4115
708,Hyderabad,West,South Indian,3,1,0,3.5,2125
709,Bangalore,North,Italian,2,1,1,4.1,379
710,Bangalore,Central,Fast Food,2,0,0,4.0,2185
711,Pune,West,South Indian,3,0,0,4.4,1350
712,Pune,South,North Indian,3,0,0,3.7,682
713,Mumbai,South,Chinese,2,0,0,3.8,4561
714,Pune,East,North Indian,2,0,0,4.1,18
715,Hyderabad,North,Biryani,2,0,1,3.8,3163
716,Mumbai,South,Fast Food,1,0,0,3.6,4196
717,Mumbai,South,Chinese,1,0,0,4.6,2601
718,Hyderabad,West,Desserts,2,0,1,3.6,1625
719,Bangalore,North,South Indian,2,0,1,5.0,783
720,Pune,Central,Biryani,1,0,0,3.9,4011
721,Hyderabad,West,Desserts,2,1,0,3.6,1896
722,Hyderabad,West,Desserts,2,0,0,4.5,3423
723,Pune,South,Chinese,3,0,1,4.3,1863
724,Mumbai,East,Healthy Food,2,0,0,3.1,3136
725,Bangalore,Central,Biryani,3,0,0,3.8,4034
726,Hyderabad,West,Chinese,2,0,0,4.8,713
727,Mumbai,Central,Chinese,2,0,1,4.2,2163
728,Pune,North,Chinese,2,0,1,4.2,4189
729,Hyderabad,Central,Italian,1,0,0,4.0,2785
730,Bangalore,East,Fast Food,3,0,0,3.0,1290
731,Mumbai,North,Chinese,1,0,0,4.6,3109
732,Hyderabad,North,Italian,4,0,1,3.6,2390
733,Pune,South,Fast Food,2,1,0,4.7,362
734,Bangalore,South,North Indian,2,0,0,4.5,3954
735,Pune,South,Italian,2,0,0,4.3,1840
736,Mumbai,Central,Desserts,3,0,0,5.0,1302
737,Mumbai,Central,Desserts,2,1,0,4.1,4390
738,Mumbai,East,Biryani,1,0,1,4.2,2457
739,Delhi NCR,South,Fast Food,2,1,0,3.6,4814
740,Hyderabad,East,Desserts,2,1,0,4.3,2330
741,Hyderabad,East,Desserts,3,0,0,5.0,892
742,Pune,North,South Indian,1,0,1,4.5,2911
743,Pune,West,Desserts,1,0,1,4.7,2690
744,Bangalore,East,Italian,2,1,0,4.3,1021
745,Mumbai,Central,Fast Food,2,0,0,4.2,3646
746,Pune,South,Chinese,2,0,0,4.8,3114
747,Hyderabad,Central,Healthy Food,1,1,0,4.9,359
748,Hyderabad,North,Italian,2,0,1,3.5,4084
749,Hyderabad,South,North Indian,2,0,0,4.6,2144
750,Mumbai,South,Desserts,2,0,1,3.4,4479
751,Delhi NCR,East,Healthy Food,2,0,0,3.1,550
752,Mumbai,Central,North Indian,2,0,0,4.4,4485
753,Delhi NCR,West,Chinese,3,0,1,3.9,3552
754,Hyderabad,East,Biryani,1,0,0,4.5,2080
755,Pune,South,Healthy Food,2,0,0,4.7,3657
756,Hyderabad,South,North Indian,3,1,0,3.7,3387
757,Hyderabad,East,North Indian,2,0,0,4.9,2152
758,Bangalore,South,South Indian,1,1,0,3.9,4901
759,Bangalore,Central,North Indian,2,0,0,4.8,3898
760,Bangalore,East,South Indian,1,0,0,3.3,534
761,Delhi NCR,East,Healthy Food,3,1,0,4.2,3835
762,Pune,South,Healthy Food,2,0,1,4.2,3128
763,Mumbai,North,South Indian,1,0,0,3.5,689
764,Pune,North,North Indian,2,0,0,4.9,3890
765,Hyderabad,South,Biryani,2,0,0,3.5,3836
766,Delhi NCR,South,Biryani,2,0,0,3.6,4872
767,Delhi NCR,South,Healthy Food,2,0,0,3.0,2591
768,Hyderabad,Central,Chinese,1,1,0,3.4,3403
769,Hyderabad,East,Biryani,1,0,0,3.2,1465
770,Hyderabad,East,South Indian,1,0,0,3.4,3378
771,Delhi NCR,Central,Italian,1,0,1,3.7,4118
772,Bangalore,North,Biryani,2,0,0,3.5,4293
773,Delhi NCR,South,Healthy Food,3,0,0,3.1,2605
774,Mumbai,South,Italian,1,1,0,4.1,4743
775,Mumbai,North,South Indian,3,1,1,4.7,118
776,Pune,East,Fast Food,2,1,0,3.0,1049
777,Pune,Central,Fast Food,3,0,1,4.3,445
778,Hyderabad,South,Biryani,1,1,0,4.3,3339
779,Mumbai,North,South Indian,2,0,0,5.0,3856
780,Mumbai,South,Italian,2,0,0,4.6,547
781,Bangalore,North,Healthy Food,2,0,0,4.9,3378
782,Hyderabad,East,Biryani,3,0,0,3.8,3313
783,Mumbai,South,Healthy Food,2,0,0,3.3,3765
784,Bangalore,East,South Indian,2,0,1,4.0,949
785,Mumbai,North,South Indian,2,0,1,3.3,1900
786,Mumbai,Central,Italian,3,0,0,3.7,4672
787,Hyderabad,Central,Chinese,2,0,1,4.4,947
788,Delhi NCR,East,South Indian,2,1,0,3.6,4979
789,Bangalore,North,Chinese,2,0,1,4.7,4957
790,Hyderabad,North,South Indian,1,0,0,3.7,3631
791,Delhi NCR,West,Biryani,1,1,0,3.5,1430
792,Mumbai,East,Healthy Food,3,0,1,3.9,1796
793,Delhi NCR,North,South Indian,1,0,0,4.2,2675
794,Mumbai,East,North Indian,1,0,0,4.2,1306
795,Pune,Central,North Indian,4,0,0,3.6,3625
796,Hyderabad,South,Italian,3,0,0,4.3,823
797,Delhi NCR,Central,Healthy Food,2,0,0,3.4,2755
798,Hyderabad,West,South Indian,4,0,1,3.6,3195
799,Delhi NCR,South,Fast Food,2,0,1,3.4,3866
800,Mumbai,West,Healthy Food,3,1,1,4.4,1773
801,Delhi NCR,North,Biryani,2,0,0,3.5,1030
802,Hyderabad,South,North Indian,1,0,1,3.5,10
803,Mumbai,West,Fast Food,2,0,1,3.5,792
804,Pune,South,Healthy Food,1,0,0,3.9,3646
805,Bangalore,East,North Indian,1,1,1,4.0,783
806,Delhi NCR,East,North Indian,1,1,0,4.2,4586
807,Delhi NCR,Central,North Indian,1,0,0,4.2,152
808,Hyderabad,North,Desserts,2,0,0,4.8,2895
809,Delhi NCR,Central,Healthy Food,2,0,0,4.1,2093
810,Mumbai,West,South Indian,1,0,0,3.2,2922
811,Mumbai,Central,North Indian,4,0,0,3.0,2190
812,Delhi NCR,Central,North Indian,2,1,0,3.7,2654
813,Pune,East,South Indian,2,1,0,4.9,3861
814,Bangalore,North,Desserts,4,0,0,3.8,4046
815,Mumbai,East,Biryani,3,0,0,3.3,3962
816,Pune,West,Desserts,2,0,0,3.3,649
817,Hyderabad,East,North Indian,2,0,0,3.6,3584
818,Bangalore,West,Chinese,1,0,0,3.4,2741
819,Bangalore,North,North Indian,3,0,0,4.8,1930
820,Pune,South,Chinese,2,0,0,3.5,1146
821,Mumbai,East,Italian,2,0,1,3.7,768
822,Hyderabad,Central,Healthy Food,1,0,1,4.0,3029
823,Mumbai,East,North Indian,3,0,0,4.5,683
824,Bangalore,South,Biryani,3,0,0,4.8,2734
825,Bangalore,Central,Fast Food,2,1,1,3.9,683
826,Bangalore,East,North Indian,2,0,0,4.2,3723
827,Pune,South,Biryani,1,0,0,3.4,3068
828,Mumbai,South,Biryani,3,1,0,4.1,4464
829,Hyderabad,Central,Desserts,1,1,1,4.4,264
830,Mumbai,East,South Indian,2,0,0,4.1,3588
831,Bangalore,East,North Indian,1,0,1,4.3,2198
832,Hyderabad,East,Biryani,2,0,1,3.8,2784
833,Hyderabad,Central,Desserts,1,0,0,3.9,3812
834,Pune,South,Biryani,2,0,0,3.5,1466
835,Pune,West,North Indian,1,0,0,4.7,1178
836,Pune,North,Fast Food,3,0,0,3.6,1560
837,Pune,South,Fast Food,1,0,0,3.6,337
838,Mumbai,Central,Chinese,2,0,0,3.0,3503
839,Delhi NCR,Central,Fast Food,1,0,0,3.8,1941
840,Hyderabad,South,Desserts,1,0,1,3.9,3616
841,Bangalore,East,Italian,2,0,0,4.1,2049
842,Hyderabad,North,North Indian,2,0,0,4.8,84
843,Bangalore,Central,North Indian,2,0,0,3.2,2191
844,Mumbai,Central,South Indian,2,0,1,3.1,4584
845,Hyderabad,Central,Biryani,1,0,0,4.6,1014
846,Pune,West,Desserts,2,1,0,4.1,1120
847,Mumbai,North,Chinese,2,0,1,4.5,2776
848,Hyderabad,East,Chinese,2,1,0,4.9,1115
849,Pune,North,Chinese,2,0,1,3.9,2344
850,Delhi NCR,East,Chinese,2,0,0,4.6,2053
851,Mumbai,South,Desserts,2,1,1,3.2,2364
852,Hyderabad,Central,North Indian,1,1,0,4.1,4235
853,Bangalore,South,Italian,2,0,1,3.0,3795
854,Pune,West,Desserts,2,0,0,4.6,1482
855,Mumbai,South,North Indian,2,0,0,4.9,790
856,Mumbai,East,Fast Food,1,0,0,4.3,2823
857,Pune,Central,South Indian,3,0,0,3.3,525
858,Hyderabad,South,Desserts,3,1,0,3.8,1602
859,Bangalore,North,Chinese,1,0,0,4.9,1409
860,Delhi NCR,West,Biryani,1,1,0,3.4,4006
861,Pune,North,South Indian,2,0,0,4.5,4335
862,Hyderabad,Central,Fast Food,2,0,0,4.8,4823
863,Pune,South,Healthy Food,2,0,1,4.2,1209
864,Mumbai,East,North Indian,2,0,1,3.8,3284
865,Mumbai,West,Chinese,3,0,0,3.8,1290
866,Bangalore,East,Desserts,2,0,0,4.0,4086
867,Mumbai,East,Fast Food,3,0,0,4.9,2143
868,Hyderabad,East,South Indian,2,0,0,5.0,3145
869,Bangalore,East,Italian,2,1,0,4.5,4025
870,Mumbai,West,Italian,3,0,0,4.3,2131
871,Bangalore,East,South Indian,2,1,0,3.4,641
872,Mumbai,Central,Fast Food,2,0,0,4.0,3432
873,Hyderabad,East,Italian,3,0,0,3.9,2533
874,Pune,North,Italian,2,0,0,3.7,2569
875,Bangalore,Central,Fast Food,1,0,0,4.7,1471
876,Mumbai,South,Italian,1,0,0,3.9,2071
877,Pune,North,South Indian,3,0,1,4.2,3753
878,Mumbai,North,North Indian,2,0,1,3.7,89
879,Delhi NCR,West,South Indian,2,1,1,4.8,814
880,Pune,Central,Chinese,2,0,1,3.7,785
881,Pune,West,Desserts,2,0,0,4.0,802
882,Pune,West,Desserts,2,0,0,3.6,1099
883,Pune,North,North Indian,2,0,0,3.9,1047
884,Mumbai,South,Chinese,4,0,0,3.2,3106
885,Bangalore,South,Healthy Food,2,0,0,3.4,1144
886,Mumbai,Central,South Indian,3,0,0,3.4,864
887,Bangalore,East,Fast Food,2,1,0,4.9,4653
888,Mumbai,East,Fast Food,3,0,0,4.6,1499
889,Hyderabad,East,Chinese,3,0,0,4.2,620
890,Hyderabad,North,North Indian,3,0,0,3.6,959
891,Delhi NCR,Central,Healthy Food,1,0,0,4.3,2980
892,Delhi NCR,Central,Chinese,2,0,0,3.6,4550
893,Pune,East,South Indian,1,1,1,3.9,3495
894,Delhi NCR,Central,Chinese,3,0,1,4.8,1712
895,Mumbai,North,Biryani,2,0,0,3.8,1442
896,Hyderabad,East,Biryani,3,1,0,5.0,1736
897,Bangalore,Central,Desserts,4,1,0,4.1,4660
898,Hyderabad,South,Desserts,3,0,0,3.2,261
899,Delhi NCR,East,South Indian,2,0,1,3.3,2412
900,Pune,Central,Healthy Food,3,0,0,4.2,1910
901,Hyderabad,North,Healthy Food,4,0,0,4.3,1462
902,Pune,South,Fast Food,1,0,0,4.4,1088
903,Pune,Central,Chinese,2,0,0,4.2,4471
904,Hyderabad,East,Biryani,1,0,1,3.6,283
905,Pune,North,Fast Food,3,1,0,3.7,3115
906,Pune,West,North Indian,2,0,0,3.4,3984
907,Bangalore,North,Biryani,1,0,1,3.5,693
908,Bangalore,East,North Indian,2,0,0,3.3,2497
909,Hyderabad,Central,Chinese,2,0,1,3.6,977
910,Pune,East,Chinese,2,0,0,4.3,2322
911,Mumbai,East,Biryani,1,1,0,4.8,4715
912,Mumbai,Central,Healthy Food,1,0,0,3.3,3644
913,Bangalore,South,Biryani,2,0,0,3.1,3025
914,Pune,East,Fast Food,2,0,0,3.7,1334
915,Mumbai,East,Italian,1,0,0,3.7,13
916,Bangalore,South,Healthy Food,1,0,1,3.3,1366
917,Pune,East,Fast Food,2,0,0,4.5,1170
918,Pune,West,North Indian,2,0,0,3.3,3831
919,Mumbai,East,Healthy Food,1,0,0,4.8,1344
920,Delhi NCR,South,Fast Food,2,0,0,4.3,729
921,Pune,Central,Biryani,1,0,0,4.6,3091
922,Hyderabad,East,Desserts,3,1,1,3.9,559
923,Hyderabad,South,Desserts,1,0,0,4.3,1846
924,Pune,Central,Chinese,2,0,0,4.0,3266
925,Bangalore,Central,Chinese,1,0,1,3.6,50
926,Mumbai,East,Chinese,1,0,1,3.3,2546
927,Mumbai,South,Fast Food,2,0,0,4.4,4948
928,Hyderabad,South,South Indian,1,0,0,3.6,2368
929,Delhi NCR,East,North Indian,2,0,0,4.8,4096
930,Mumbai,South,Chinese,1,0,0,4.9,2451
931,Delhi NCR,East,Italian,3,1,0,4.8,4877
932,Pune,North,South Indian,1,0,1,3.7,2425
933,Pune,North,Healthy Food,2,1,0,3.5,3176
934,Pune,East,South Indian,3,0,0,4.0,1181
935,Pune,West,Fast Food,1,0,1,3.3,4588
936,Hyderabad,Central,Biryani,2,0,0,3.6,236
937,Hyderabad,South,South Indian,2,0,0,3.2,4813
938,Delhi NCR,North,South Indian,2,0,0,3.8,1816
939,Hyderabad,West,South Indian,2,0,1,4.3,3039
940,Pune,Central,Chinese,1,1,0,5.0,3929
941,Pune,Central,Healthy Food,1,0,0,4.4,2912
942,Delhi NCR,North,South Indian,3,0,0,3.9,2406
943,Delhi NCR,West,Healthy Food,3,0,0,4.5,3631
944,Mumbai,East,North Indian,3,1,0,4.6,2348
945,Bangalore,West,Chinese,3,0,0,4.7,4633
946,Pune,East,Italian,2,1,1,4.8,1003
947,Hyderabad,West,Desserts,2,0,0,3.7,2902
948,Pune,East,Fast Food,2,0,0,4.1,1825
949,Pune,North,North Indian,2,0,0,3.5,1912
950,Pune,West,South Indian,2,0,0,3.7,2714
951,Delhi NCR,South,Healthy Food,2,1,0,3.3,3594
952,Bangalore,East,Chinese,2,1,0,3.4,3683
953,Hyderabad,West,North Indian,3,1,0,3.5,3901
954,Hyderabad,Central,South Indian,1,1,1,3.7,3549
955,Delhi NCR,North,Desserts,1,1,0,4.0,4489
956,Delhi NCR,West,Biryani,1,0,0,4.9,2128
957,Delhi NCR,East,Chinese,2,0,0,4.8,3550
958,Mumbai,Central,Healthy Food,3,1,1,4.1,1238
959,Delhi NCR,Central,Desserts,2,0,0,3.3,222
960,Hyderabad,East,North Indian,1,0,0,4.5,1040
961,Hyderabad,East,Chinese,3,0,1,3.0,3261
962,Bangalore,South,South Indian,2,0,0,4.7,1230
963,Bangalore,West,South Indian,1,1,0,3.8,817
964,Mumbai,South,Chinese,2,0,0,4.5,3488
965,Bangalore,West,South Indian,1,1,0,3.8,3322
966,Bangalore,Central,North Indian,2,0,1,4.9,2933
967,Mumbai,East,Chinese,1,1,1,3.5,3816
968,Pune,East,North Indian,1,0,1,4.5,4596
969,Mumbai,South,Fast Food,2,1,0,3.5,3943
970,Mumbai,South,Biryani,1,0,0,3.1,2799
971,Delhi NCR,Central,Italian,1,0,1,4.8,1448
972,Delhi NCR,West,South Indian,4,0,0,4.1,1538
973,Bangalore,Central,Desserts,2,1,0,3.1,3706
974,Pune,West,South Indian,3,0,1,3.9,4441
975,Bangalore,South,North Indian,2,0,1,3.1,1908
976,Delhi NCR,East,North Indian,2,0,1,3.2,884
977,Hyderabad,Central,Biryani,1,0,0,3.7,4330
978,Hyderabad,East,North Indian,2,1,0,3.3,3686
979,Pune,West,Fast Food,2,0,0,4.8,413
980,Bangalore,North,Italian,3,0,1,5.0,3095
981,Hyderabad,South,Desserts,2,0,0,4.6,640
982,Delhi NCR,West,Healthy Food,2,0,1,4.7,3345
983,Delhi NCR,West,North Indian,2,0,1,3.3,699
984,Mumbai,Central,North Indian,1,0,0,3.7,1695
985,Hyderabad,North,North Indian,4,1,1,3.5,3346
986,Bangalore,Central,Chinese,4,0,0,4.8,961
987,Delhi NCR,West,Fast Food,2,0,0,4.4,3177
988,Hyderabad,South,Healthy Food,2,1,0,3.1,4851
989,Pune,North,Italian,2,0,0,3.3,3926
990,Delhi NCR,East,Desserts,2,0,0,4.9,3085
991,Delhi NCR,West,South Indian,2,0,0,4.7,2848
992,Hyderabad,South,Fast Food,2,0,0,4.6,2204
993,Pune,South,Fast Food,1,1,0,4.1,2279
994,Delhi NCR,North,Healthy Food,2,0,0,3.2,2822
995,Pune,Central,Fast Food,2,0,0,3.0,4378
996,Bangalore,East,South Indian,2,0,1,3.9,490
997,Mumbai,South,North Indian,2,0,1,3.6,4324
998,Bangalore,West,North Indian,1,0,1,3.7,4564
999,Bangalore,North,Desserts,1,0,0,4.9,2129
1000,Bangalore,South,North Indian,1,0,0,3.4,1221
1001,Hyderabad,South,Fast Food,2,0,0,4.1,3454
1002,Bangalore,South,Chinese,1,0,0,3.8,2833
1003,Bangalore,Central,Italian,2,1,0,3.1,4120
1004,Delhi NCR,North,Desserts,1,0,0,3.5,3999
1005,Mumbai,Central,Fast Food,2,0,0,3.9,757
1006,Pune,Central,South Indian,1,1,0,4.2,3713
1007,Pune,North,South Indian,3,0,0,3.9,4764
1008,Pune,North,Desserts,4,0,1,4.9,390
1009,Mumbai,West,Fast Food,3,0,1,3.6,2790
1010,Delhi NCR,West,Biryani,1,1,1,4.4,1313
1011,Pune,West,South Indian,3,0,0,4.8,657
1012,Mumbai,North,Healthy Food,1,0,0,3.3,2442
1013,Pune,Central,Italian,3,0,0,3.2,355
1014,Bangalore,North,North Indian,3,0,0,3.5,3931
1015,Delhi NCR,North,Italian,3,0,1,3.1,780
1016,Pune,Central,Fast Food,4,0,0,3.6,1358
1017,Hyderabad,Central,Fast Food,1,0,0,3.1,1647
1018,Mumbai,Central,North Indian,1,0,1,3.4,2627
1019,Bangalore,North,Italian,2,0,1,3.3,3939
1020,Delhi NCR,North,Fast Food,2,0,0,3.4,1072
1021,Mumbai,Central,Fast Food,4,0,0,4.4,3426
1022,Mumbai,North,Fast Food,1,1,1,4.7,4807
1023,Mumbai,Central,Biryani,1,0,0,3.8,1115
1024,Hyderabad,Central,North Indian,1,0,0,4.9,1130
1025,Bangalore,South,Healthy Food,2,0,1,3.5,948
1026,Bangalore,North,Italian,3,0,0,3.6,2692
1027,Bangalore,East,Fast Food,1,0,1,4.7,224
1028,Bangalore,West,Chinese,2,0,0,3.1,3243
1029,Delhi NCR,East,North Indian,1,1,0,3.8,551
1030,Bangalore,East,Fast Food,2,0,1,3.8,4818
1031,Pune,North,Desserts,3,1,0,5.0,4708
1032,Bangalore,North,South Indian,1,1,1,3.6,1532
1033,Hyderabad,Central,Desserts,2,0,0,3.7,340
1034,Hyderabad,South,North Indian,2,0,0,3.7,2826
1035,Bangalore,South,Chinese,2,0,0,3.1,549
1036,Delhi NCR,Central,Italian,1,0,0,4.2,3239
1037,Mumbai,South,Fast Food,3,0,0,3.9,4507
1038,Mumbai,Central,South Indian,1,0,1,3.2,4817
1039,Bangalore,East,North Indian,1,0,1,3.6,3078
1040,Delhi NCR,Central,Chinese,1,1,0,4.0,4536
1041,Hyderabad,West,Fast Food,2,0,0,4.4,2529
1042,Pune,Central,Biryani,1,0,1,3.5,51
1043,Hyderabad,Central,Healthy Food,3,1,0,3.8,387
1044,Pune,North,Desserts,1,0,1,4.6,3172
1045,Hyderabad,West,Desserts,4,0,0,4.3,1363
1046,Hyderabad,West,North Indian,2,0,0,3.6,2919
1047,Pune,North,Desserts,1,0,1,3.8,1328
1048,Bangalore,South,Healthy Food,3,0,0,4.0,3109
1049,Bangalore,East,Italian,2,0,1,4.2,4486
1050,Hyderabad,West,North Indian,2,0,0,4.5,4714
1051,Pune,South,Desserts,2,1,1,3.8,757
1052,Delhi NCR,North,North Indian,2,0,0,3.9,1034
1053,Delhi NCR,West,Biryani,2,0,0,3.8,51
1054,Mumbai,Central,Healthy Food,2,1,1,4.6,2743
1055,Bangalore,East,Healthy Food,2,0,1,4.3,1821
1056,Bangalore,East,North Indian,1,0,0,4.8,4878
1057,Bangalore,North,Desserts,2,0,0,4.3,622
1058,Mumbai,East,Fast Food,3,0,1,4.7,1100
1059,Pune,North,South Indian,2,0,1,4.9,2020
1060,Bangalore,South,Fast Food,2,0,0,4.5,3191
1061,Hyderabad,East,South Indian,1,0,0,4.3,2138
1062,Pune,Central,Chinese,1,0,0,3.3,3337
1063,Mumbai,North,South Indian,2,0,0,4.4,2781
1064,Pune,North,North Indian,2,0,0,4.8,4397
1065,Delhi NCR,West,North Indian,2,0,0,3.1,2739
1066,Delhi NCR,South,North Indian,1,1,0,4.4,2060
1067,Mumbai,North,Italian,2,0,0,3.4,1530
1068,Bangalore,West,Biryani,2,0,0,3.0,3154
1069,Delhi NCR,Central,Biryani,2,1,0,4.8,2421
1070,Pune,East,North Indian,2,1,1,4.3,2804
1071,Hyderabad,Central,Fast Food,2,0,1,3.3,3254
1072,Bangalore,Central,Fast Food,3,1,0,4.3,4570
1073,Delhi NCR,South,Italian,3,1,1,3.4,771
1074,Bangalore,North,Chinese,1,0,1,4.9,813
1075,Bangalore,West,Healthy Food,3,0,0,3.5,1920
1076,Hyderabad,South,South Indian,3,0,0,4.2,4279
1077,Mumbai,Central,Chinese,2,0,0,4.3,2314
1078,Delhi NCR,Central,Italian,2,0,0,3.4,1840
1079,Bangalore,West,Chinese,2,0,1,4.7,4688
1080,Mumbai,Central,Italian,3,0,0,4.2,1804
1081,Pune,South,Fast Food,1,0,0,4.6,4412
1082,Delhi NCR,North,Healthy Food,2,0,0,3.5,3806
1083,Pune,West,Italian,1,0,1,4.5,35
1084,Delhi NCR,South,Healthy Food,2,0,0,4.4,990
1085,Bangalore,West,Healthy Food,2,1,0,4.4,619
1086,Pune,West,Fast Food,2,1,1,4.1,3533
1087,Delhi NCR,West,North Indian,2,0,1,3.1,2484
1088,Delhi NCR,West,Desserts,3,0,1,4.6,1280
1089,Pune,Central,Desserts,2,0,1,3.9,3293
1090,Bangalore,Central,Desserts,1,0,1,3.2,1421
1091,Delhi NCR,East,Desserts,3,0,0,3.5,1492
1092,Hyderabad,Central,Biryani,1,0,0,4.8,2181
1093,Hyderabad,North,Fast Food,1,0,0,4.7,1209
1094,Bangalore,Central,Healthy Food,1,1,0,4.7,426
1095,Bangalore,East,South Indian,2,0,0,4.9,3819
1096,Mumbai,South,Desserts,2,0,0,3.5,932
1097,Hyderabad,Central,Italian,2,0,0,3.8,145
1098,Pune,North,Fast Food,1,0,0,4.5,4244
1099,Pune,Central,Biryani,1,0,0,3.6,269
1100,Bangalore,Central,Italian,2,0,0,3.8,1300
1101,Bangalore,North,Biryani,1,1,1,3.9,4466
1102,Hyderabad,South,Chinese,2,0,1,4.9,3659
1103,Bangalore,South,Italian,2,0,0,3.9,2338
1104,Mumbai,East,Italian,2,0,0,4.0,1187
1105,Bangalore,West,Biryani,1,0,0,4.7,306
1106,Delhi NCR,South,Italian,2,0,1,3.0,118
1107,Hyderabad,Central,Biryani,1,0,1,3.1,1123
1108,Mumbai,East,Biryani,4,0,1,4.0,911
1109,Bangalore,East,Healthy Food,2,1,0,3.6,4995
1110,Mumbai,Central,South Indian,1,0,0,3.7,2346
1111,Hyderabad,North,North Indian,2,0,1,4.1,505
1112,Hyderabad,North,Fast Food,2,0,0,3.9,4315
1113,Delhi NCR,East,Desserts,4,0,0,3.8,1851
1114,Bangalore,South,Fast Food,2,1,0,4.5,2245
1115,Hyderabad,North,North Indian,3,1,0,3.5,3906
1116,Mumbai,North,Chinese,3,0,0,5.0,3677
1117,Hyderabad,South,South Indian,2,0,1,4.8,4861
1118,Delhi NCR,East,Italian,2,0,0,4.2,84
1119,Hyderabad,East,Desserts,3,0,0,4.9,4670
1120,Bangalore,West,Chinese,2,0,1,4.8,3606
1121,Bangalore,Central,Italian,1,0,0,4.4,4941
1122,Delhi NCR,East,North Indian,1,1,0,4.5,4064
1123,Delhi NCR,West,Fast Food,2,1,0,4.3,4860
1124,Hyderabad,West,Desserts,1,0,0,3.9,996
1125,Hyderabad,West,Healthy Food,1,0,1,3.5,4974
1126,Hyderabad,West,Healthy Food,2,0,0,4.4,3887
1127,Pune,North,Desserts,2,0,0,4.3,1574
1128,Hyderabad,South,Desserts,1,0,0,4.9,2019
1129,Mumbai,South,Italian,1,1,0,4.9,642
1130,Delhi NCR,Central,Chinese,2,0,0,3.1,2420
1131,Bangalore,Central,Desserts,1,0,1,4.1,3986
1132,Delhi NCR,Central,South Indian,2,1,0,4.5,456
1133,Delhi NCR,South,North Indian,1,0,1,3.9,2597
1134,Delhi NCR,Central,Fast Food,4,1,0,5.0,1790
1135,Pune,East,North Indian,1,1,0,3.7,4587
1136,Hyderabad,East,Fast Food,2,0,0,5.0,4248
1137,Bangalore,North,Desserts,1,0,0,3.7,2357
1138,Pune,East,South Indian,1,0,0,3.7,2995
1139,Hyderabad,South,South Indian,2,0,0,3.0,1666
1140,Mumbai,North,Biryani,2,0,1,4.1,3670
1141,Mumbai,North,South Indian,2,0,1,3.5,4677
1142,Hyderabad,Central,Fast Food,1,1,1,3.3,4966
1143,Mumbai,North,Desserts,2,0,0,3.2,1094
1144,Mumbai,Central,North Indian,4,0,0,4.6,2934
1145,Delhi NCR,East,North Indian,1,1,0,4.4,28
1146,Bangalore,Central,Biryani,2,0,1,4.2,3130
1147,Mumbai,West,Healthy Food,3,0,1,4.6,1177
1148,Hyderabad,West,North Indian,3,0,0,4.4,1876
1149,Delhi NCR,South,Biryani,1,0,0,4.4,3764
1150,Delhi NCR,South,Desserts,1,0,1,4.0,1912
1151,Delhi NCR,West,Biryani,1,1,0,4.3,2407
1152,Bangalore,East,North Indian,1,0,0,3.8,2359
1153,Pune,West,Chinese,2,0,0,4.8,4253
1154,Bangalore,East,Italian,1,0,1,3.7,2745
1155,Bangalore,East,Italian,2,0,1,3.4,3314
1156,Hyderabad,South,Healthy Food,4,0,0,4.7,1369
1157,Bangalore,North,Desserts,1,0,0,4.1,645
1158,Bangalore,West,Italian,2,1,0,4.6,323
1159,Mumbai,East,North Indian,3,0,0,3.4,2094
1160,Pune,Central,Desserts,3,0,1,4.6,4682
1161,Delhi NCR,Central,Desserts,3,1,0,5.0,2651
1162,Pune,West,Italian,2,1,0,4.6,1398
1163,Bangalore,South,Chinese,4,0,1,5.0,4283
1164,Delhi NCR,West,Fast Food,2,0,1,3.1,4129
1165,Delhi NCR,West,North Indian,1,0,0,3.5,3931
1166,Delhi NCR,East,Desserts,2,0,0,4.5,3641
1167,Bangalore,Central,Chinese,2,0,0,4.7,4057
1168,Bangalore,North,Healthy Food,2,0,0,3.6,1773
1169,Pune,East,Desserts,2,0,1,4.3,3792
1170,Mumbai,North,North Indian,2,1,0,3.2,839
1171,Delhi NCR,Central,Italian,3,1,0,4.3,873
1172,Bangalore,North,Fast Food,2,0,0,3.5,1757
1173,Pune,North,North Indian,3,0,0,3.3,4350
1174,Pune,South,Desserts,2,0,0,4.5,3938
1175,Delhi NCR,East,Desserts,1,0,1,3.7,2759
1176,Bangalore,East,North Indian,2,0,1,4.5,460
1177,Mumbai,East,Fast Food,1,0,1,4.8,3220
1178,Hyderabad,Central,South Indian,2,0,0,4.4,1325
1179,Pune,West,Desserts,1,1,0,3.1,3195
1180,Hyderabad,South,Healthy Food,3,0,0,3.9,3330
1181,Mumbai,South,Healthy Food,2,0,0,4.0,3758
1182,Mumbai,South,Fast Food,2,0,0,3.9,3261
1183,Delhi NCR,North,Healthy Food,2,0,0,4.9,4196
1184,Mumbai,North,North Indian,2,0,0,4.4,1612
1185,Bangalore,East,Desserts,2,1,0,4.5,4316
1186,Bangalore,Central,Italian,2,0,1,3.1,2809
1187,Mumbai,North,Desserts,3,0,0,4.1,2694
1188,Pune,West,Healthy Food,2,0,0,3.1,1748
1189,Delhi NCR,East,Biryani,2,1,0,3.7,1408
1190,Hyderabad,North,North Indian,3,0,0,3.4,172
1191,Bangalore,East,North Indian,2,0,0,4.8,1747
1192,Mumbai,North,North Indian,2,0,1,4.7,2729
1193,Mumbai,South,Chinese,2,0,1,3.8,2946
1194,Bangalore,East,Desserts,2,1,1,5.0,1582
1195,Hyderabad,North,Desserts,2,0,0,3.1,860
1196,Delhi NCR,East,Biryani,2,1,0,3.2,2301
1197,Mumbai,East,South Indian,3,0,0,3.5,655
1198,Hyderabad,East,Chinese,3,0,1,4.4,3735
1199,Hyderabad,West,Biryani,1,0,1,4.4,4786
1200,Hyderabad,West,Italian,2,1,0,4.8,437
1201,Hyderabad,West,Desserts,1,0,1,3.2,4512
1202,Pune,Central,Healthy Food,2,0,0,3.9,4657
1203,Mumbai,South,Fast Food,1,1,1,4.1,2110
1204,Pune,Central,Biryani,1,0,0,4.2,2675
1205,Hyderabad,Central,Biryani,2,0,0,3.9,586
1206,Pune,East,Fast Food,3,0,1,4.4,3582
1207,Delhi NCR,North,North Indian,1,1,0,3.5,3674
1208,Bangalore,West,Fast Food,2,0,0,4.0,4945
1209,Pune,South,South Indian,3,0,0,3.4,1669
1210,Pune,South,South Indian,2,0,1,3.6,4288
1211,Pune,West,Fast Food,2,0,0,3.8,4302
1212,Bangalore,North,South Indian,3,0,0,3.4,4431
1213,Pune,East,Biryani,2,1,1,4.0,4344
1214,Bangalore,East,Fast Food,2,0,0,3.4,444
1215,Hyderabad,West,Biryani,4,0,0,3.8,2505
1216,Mumbai,West,Chinese,2,0,1,3.5,4015
1217,Mumbai,North,Desserts,4,0,0,4.5,554
1218,Delhi NCR,East,Chinese,2,0,0,4.0,2978
1219,Mumbai,South,Fast Food,2,1,0,5.0,2360
1220,Bangalore,North,Chinese,3,0,0,3.2,1826
1221,Pune,Central,Fast Food,1,0,0,4.0,1750
1222,Mumbai,Central,Chinese,2,1,1,3.8,2801
1223,Delhi NCR,East,Chinese,3,0,0,4.8,1997
1224,Hyderabad,Central,Healthy Food,1,0,0,4.6,420
1225,Delhi NCR,East,Italian,1,0,0,4.3,971
1226,Bangalore,North,North Indian,2,0,0,4.2,4636
1227,Hyderabad,South,Healthy Food,2,0,1,4.7,2490
1228,Mumbai,Central,North Indian,1,0,0,4.8,4423
1229,Pune,South,Chinese,3,0,0,4.0,1407
1230,Mumbai,North,Italian,3,0,0,3.6,935
1231,Bangalore,Central,Fast Food,2,0,0,3.2,1137
1232,Bangalore,Central,Healthy Food,4,1,0,4.3,3964
1233,Mumbai,East,Biryani,2,0,1,4.8,3448
1234,Hyderabad,Central,South Indian,2,0,0,3.8,1049
1235,Hyderabad,Central,North Indian,2,0,1,3.9,1903
1236,Mumbai,North,South Indian,2,1,0,4.3,4717
1237,Pune,West,Healthy Food,2,0,0,4.7,3664
1238,Mumbai,North,Chinese,2,1,0,3.4,602
1239,Mumbai,South,Healthy Food,1,0,0,3.9,1941
1240,Mumbai,East,Fast Food,3,0,1,4.3,857
1241,Delhi NCR,West,Chinese,3,0,0,4.8,1301
1242,Bangalore,South,Biryani,2,0,0,4.0,177
1243,Pune,South,South Indian,3,0,0,3.3,676
1244,Pune,North,North Indian,3,0,1,4.5,2775
1245,Bangalore,Central,Fast Food,3,0,0,3.2,911
1246,Hyderabad,Central,Italian,2,0,1,4.0,3759
1247,Mumbai,West,Fast Food,2,0,0,4.2,906
1248,Mumbai,South,Biryani,3,0,1,4.6,2025
1249,Mumbai,South,North Indian,2,0,0,3.5,4746
1250,Hyderabad,North,Desserts,1,0,0,4.4,4461
1251,Bangalore,West,Healthy Food,4,1,0,3.8,1474
1252,Bangalore,West,Biryani,1,1,0,4.9,4226
1253,Mumbai,North,North Indian,2,0,0,3.6,1907
1254,Bangalore,East,North Indian,2,0,1,4.8,4888
1255,Hyderabad,Central,Chinese,1,0,0,4.2,4438
1256,Delhi NCR,West,Italian,2,1,1,4.7,1408
1257,Bangalore,Central,Fast Food,1,0,1,4.0,728
1258,Delhi NCR,West,South Indian,1,0,1,4.4,4809
1259,Bangalore,South,Desserts,2,0,0,4.5,1667
1260,Hyderabad,East,Chinese,3,0,0,4.7,1735
1261,Hyderabad,West,Fast Food,1,0,0,3.6,678
1262,Bangalore,South,Italian,4,0,1,4.1,4081
1263,Mumbai,North,Chinese,2,0,0,3.4,1410
1264,Delhi NCR,North,Desserts,1,0,1,3.3,4157
1265,Hyderabad,West,Fast Food,2,0,1,4.8,4882
1266,Delhi NCR,South,North Indian,3,0,0,4.3,2089
1267,Pune,South,Healthy Food,3,0,0,3.3,1706
1268,Mumbai,South,Biryani,1,1,0,4.3,4460
1269,Mumbai,Central,Desserts,3,0,0,4.5,3835
1270,Mumbai,East,Healthy Food,1,0,0,3.9,2399
1271,Pune,East,Chinese,3,0,0,3.0,1700
1272,Delhi NCR,West,Desserts,2,0,0,4.6,1963
1273,Delhi NCR,East,Chinese,2,1,1,4.7,1500
1274,Hyderabad,East,Chinese,1,1,0,4.8,3696
1275,Hyderabad,North,Healthy Food,3,0,1,3.9,4659
1276,Bangalore,Central,Desserts,2,0,1,4.9,1632
1277,Bangalore,Central,Italian,3,1,0,3.3,798
1278,Pune,Central,Italian,1,0,0,4.6,647
1279,Mumbai,Central,Fast Food,2,0,1,4.1,252
1280,Hyderabad,Central,Chinese,1,0,0,3.8,2814
1281,Hyderabad,North,Biryani,2,1,1,4.2,795
1282,Bangalore,North,Healthy Food,2,0,0,4.3,3121
1283,Bangalore,North,South Indian,1,0,0,5.0,2970
1284,Mumbai,Central,North Indian,2,0,0,3.9,2427
1285,Bangalore,East,Healthy Food,1,1,0,4.1,1418
1286,Hyderabad,North,North Indian,2,0,0,4.8,1255
1287,Mumbai,South,Biryani,2,0,0,3.6,3707
1288,Mumbai,West,Fast Food,4,0,0,3.2,2676
1289,Bangalore,West,Fast Food,4,0,0,3.6,1759
1290,Delhi NCR,West,Healthy Food,2,0,0,3.3,3612
1291,Delhi NCR,West,Healthy Food,1,0,1,4.5,3734
1292,Hyderabad,North,North Indian,3,0,1,3.5,1913
1293,Hyderabad,West,North Indian,3,0,0,3.3,3748
1294,Hyderabad,West,Fast Food,1,1,0,4.0,3922
1295,Delhi NCR,North,Fast Food,1,1,1,4.7,200
1296,Delhi NCR,Central,Chinese,4,0,0,3.8,1678
1297,Mumbai,South,Italian,4,0,1,4.1,3621
1298,Bangalore,North,Chinese,2,0,1,3.4,1562
1299,Hyderabad,South,Italian,2,0,0,4.8,4008
1300,Delhi NCR,Central,Fast Food,2,0,0,3.0,3214
1301,Pune,North,Italian,1,1,1,3.0,713
1302,Hyderabad,North,Italian,2,1,1,4.1,4029
1303,Pune,North,South Indian,1,0,1,4.5,466
1304,Bangalore,South,South Indian,2,0,0,3.5,2043
1305,Hyderabad,South,South Indian,2,0,0,3.5,4593
1306,Pune,West,South Indian,3,1,0,3.5,990
1307,Hyderabad,East,Biryani,2,0,1,4.3,4313
1308,Delhi NCR,East,Chinese,2,0,0,4.0,2217
1309,Delhi NCR,South,Fast Food,2,0,0,3.4,148
1310,Mumbai,West,Fast Food,4,1,1,3.3,418
1311,Delhi NCR,Central,Biryani,3,0,0,4.6,2279
1312,Mumbai,South,Chinese,2,0,1,3.8,856
1313,Mumbai,West,Desserts,1,1,0,3.6,2026
1314,Delhi NCR,East,Biryani,2,0,0,3.5,4728
1315,Mumbai,North,Chinese,2,0,0,3.2,2615
1316,Delhi NCR,Central,Chinese,2,0,0,4.3,3782
1317,Pune,North,Fast Food,1,0,0,4.9,2297
1318,Mumbai,North,Fast Food,1,0,0,4.2,3909
1319,Bangalore,North,Fast Food,4,1,0,4.6,4161
1320,Bangalore,South,Fast Food,4,0,0,3.7,4232
1321,Mumbai,West,Fast Food,2,0,0,4.9,4194
1322,Bangalore,Central,South Indian,3,0,1,3.2,3934
1323,Bangalore,Central,South Indian,3,0,1,4.3,1870
1324,Bangalore,West,Desserts,2,1,0,4.7,1948
1325,Hyderabad,South,Desserts,2,0,1,4.6,4497
1326,Mumbai,East,Biryani,1,0,1,3.1,1247
1327,Pune,West,South Indian,2,0,0,4.7,1980
1328,Hyderabad,South,Healthy Food,1,0,0,4.9,84
1329,Mumbai,West,Chinese,1,1,0,3.1,4541
1330,Delhi NCR,West,Chinese,2,1,0,3.6,1710
1331,Delhi NCR,East,Italian,4,0,0,3.7,1510
1332,Bangalore,Central,South Indian,2,1,0,3.1,755
1333,Pune,South,Fast Food,2,0,0,3.3,1218
1334,Pune,West,Desserts,2,0,0,4.0,1462
1335,Delhi NCR,Central,Desserts,1,0,0,3.1,1299
1336,Delhi NCR,South,North Indian,2,0,0,3.4,2942
1337,Hyderabad,East,Healthy Food,1,0,0,3.1,757
1338,Bangalore,Central,Desserts,4,0,0,3.5,3379
1339,Pune,South,Italian,2,1,0,4.6,3250
1340,Mumbai,South,Biryani,2,0,0,3.6,468
1341,Pune,West,North Indian,1,0,1,4.8,2010
1342,Mumbai,Central,South Indian,3,0,1,3.1,1212
1343,Delhi NCR,West,Healthy Food,2,1,0,4.9,2035
1344,Delhi NCR,South,Biryani,2,0,0,4.2,4782
1345,Delhi NCR,West,Healthy Food,1,0,0,4.0,2328
1346,Bangalore,East,Fast Food,1,0,0,4.6,2959
1347,Bangalore,West,North Indian,1,1,1,5.0,3884
1348,Bangalore,West,North Indian,2,0,1,4.7,18
1349,Pune,South,Desserts,2,0,1,4.0,3089
1350,Delhi NCR,North,Healthy Food,3,0,0,4.7,1203
1351,Mumbai,East,Desserts,2,1,0,3.8,796
1352,Delhi NCR,Central,Italian,4,0,0,4.4,3564
1353,Hyderabad,West,Fast Food,2,0,0,4.1,4209
1354,Bangalore,South,Healthy Food,3,0,0,3.3,1391
1355,Mumbai,East,Fast Food,4,0,0,4.9,2095
1356,Hyderabad,Central,Desserts,1,0,1,4.3,4520
1357,Delhi NCR,Central,South Indian,3,0,0,4.0,457
1358,Hyderabad,West,South Indian,1,0,0,3.9,4882
1359,Delhi NCR,South,Biryani,2,1,1,3.4,2143
1360,Mumbai,Central,Biryani,1,0,1,4.8,2683
1361,Mumbai,South,Italian,1,0,1,3.2,957
1362,Mumbai,Central,South Indian,3,0,0,3.7,2907
1363,Delhi NCR,North,Biryani,4,0,1,4.6,345
1364,Hyderabad,East,Healthy Food,2,0,0,4.0,3679
1365,Mumbai,South,Italian,4,0,0,4.8,3255
1366,Delhi NCR,East,Biryani,2,0,0,3.2,2418
1367,Delhi NCR,North,Chinese,2,0,1,3.1,941
1368,Delhi NCR,North,Chinese,1,0,1,3.5,2239
1369,Hyderabad,Central,Healthy Food,4,0,1,4.8,4318
1370,Pune,North,Biryani,1,0,0,5.0,2695
1371,Pune,South,North Indian,1,0,0,3.5,2504
1372,Hyderabad,North,Chinese,2,0,0,3.0,399
1373,Pune,Central,North Indian,3,0,1,3.9,3754
1374,Mumbai,East,South Indian,2,0,0,3.8,1237
1375,Bangalore,East,Healthy Food,3,0,0,3.3,1687
1376,Hyderabad,South,South Indian,2,1,0,3.3,2146
1377,Bangalore,South,North Indian,2,1,0,4.3,3158
1378,Delhi NCR,North,Biryani,2,1,0,4.3,2056
1379,Delhi NCR,North,Healthy Food,1,0,1,3.7,234
1380,Bangalore,South,Chinese,1,0,0,3.6,269
1381,Hyderabad,West,Desserts,3,1,0,4.5,528
1382,Bangalore,South,Biryani,1,0,1,4.1,769
1383,Bangalore,North,South Indian,1,0,0,4.0,1523
1384,Pune,North,North Indian,2,0,0,3.5,4583
1385,Bangalore,South,Desserts,2,0,0,3.4,3478
1386,Mumbai,North,Desserts,2,0,1,4.3,3693
1387,Mumbai,South,Desserts,3,0,0,4.2,2579
1388,Bangalore,North,Italian,1,0,1,3.9,3131
1389,Delhi NCR,South,Desserts,2,0,0,4.9,823
1390,Hyderabad,Central,Italian,1,0,0,4.7,1948
1391,Hyderabad,North,Chinese,2,0,1,3.1,2291
1392,Pune,South,Chinese,2,0,0,4.1,703
1393,Pune,South,Fast Food,3,1,0,4.2,3616
1394,Mumbai,Central,Biryani,2,0,0,4.9,4749
1395,Pune,West,Desserts,2,1,1,3.2,4116
1396,Delhi NCR,South,Biryani,2,0,0,4.1,4499
1397,Delhi NCR,South,Healthy Food,2,0,0,4.8,4090
1398,Hyderabad,South,Italian,1,0,0,3.8,1201
1399,Pune,East,Biryani,1,1,0,4.8,3565
1400,Mumbai,South,North Indian,4,0,0,4.6,2142
1401,Pune,East,North Indian,2,0,0,4.3,324
1402,Hyderabad,Central,Italian,2,0,1,3.6,4644
1403,Mumbai,East,Chinese,1,1,1,3.4,2870
1404,Mumbai,Central,Desserts,2,1,0,4.7,3838
1405,Mumbai,East,Biryani,2,0,1,3.0,1845
1406,Hyderabad,West,Healthy Food,2,0,1,3.8,2731
1407,Delhi NCR,South,Biryani,1,0,0,3.5,3467
1408,Bangalore,South,Desserts,2,1,0,4.6,2262
1409,Mumbai,West,Fast Food,3,1,0,4.3,1149
1410,Bangalore,East,South Indian,2,0,0,3.5,4577
1411,Mumbai,North,Biryani,4,0,0,3.6,4144
1412,Delhi NCR,North,Healthy Food,2,0,1,4.5,3658
1413,Mumbai,South,North Indian,2,0,0,4.5,1577
1414,Delhi NCR,Central,Chinese,3,0,1,3.7,3870
1415,Mumbai,North,North Indian,2,0,0,4.0,1293
1416,Mumbai,South,Healthy Food,2,0,0,4.1,4176
1417,Pune,West,North Indian,1,0,0,4.6,4355
1418,Hyderabad,East,North Indian,1,1,0,4.1,4274
1419,Pune,South,Italian,1,1,0,3.8,1511
1420,Delhi NCR,South,Biryani,2,1,0,4.1,3242
1421,Hyderabad,West,Chinese,1,0,0,3.0,2009
1422,Mumbai,East,North Indian,2,0,0,4.2,4108
1423,Mumbai,North,Biryani,1,1,0,3.7,1583
1424,Bangalore,West,Desserts,3,1,0,3.9,701
1425,Delhi NCR,South,Biryani,1,0,1,4.6,1824
1426,Mumbai,South,Chinese,2,0,0,3.5,395
1427,Bangalore,Central,Fast Food,1,1,0,3.2,4478
1428,Pune,East,Biryani,1,0,0,4.0,2771
1429,Pune,East,Italian,2,0,0,3.9,4166
1430,Pune,East,South Indian,3,0,0,3.9,2518
1431,Hyderabad,Central,Italian,2,0,0,4.5,4171
1432,Hyderabad,West,Italian,2,0,0,3.3,3506
1433,Delhi NCR,West,Biryani,1,0,1,3.8,1778
1434,Mumbai,South,Healthy Food,4,0,0,5.0,4849
1435,Mumbai,West,North Indian,3,0,0,3.0,4797
1436,Pune,East,Fast Food,3,0,1,4.7,2464
1437,Bangalore,North,Biryani,3,0,0,3.5,894
1438,Hyderabad,Central,South Indian,2,0,0,4.2,4008
1439,Pune,South,Desserts,2,0,1,3.1,30
1440,Pune,East,Fast Food,3,0,1,4.5,2841
1441,Delhi NCR,Central,Italian,2,0,0,4.8,4673
1442,Hyderabad,South,Chinese,2,0,0,3.1,1196
1443,Bangalore,West,Fast Food,2,1,1,4.1,2394
1444,Delhi NCR,Central,Italian,1,1,0,3.6,1328
1445,Hyderabad,East,South Indian,2,0,1,4.1,856
1446,Mumbai,Central,Biryani,1,0,0,4.2,270
1447,Pune,North,North Indian,1,1,0,4.8,4805
1448,Hyderabad,West,Healthy Food,1,0,0,3.7,3606
1449,Pune,West,South Indian,1,0,0,3.5,3530
1450,Pune,East,Chinese,2,0,1,3.3,4629
1451,Delhi NCR,West,Chinese,2,0,1,3.6,4892
1452,Mumbai,Central,North Indian,2,0,1,4.9,354
1453,Mumbai,Central,South Indian,2,0,1,4.6,2201
1454,Mumbai,Central,South Indian,1,1,0,4.4,2366
1455,Mumbai,West,Biryani,1,0,0,3.5,1121
1456,Mumbai,West,Desserts,2,0,0,4.7,4053
1457,Bangalore,South,Italian,2,0,0,3.1,1617
1458,Bangalore,East,Biryani,1,0,0,4.8,2109
1459,Hyderabad,West,Italian,2,0,1,4.7,2825
1460,Bangalore,South,Biryani,2,0,0,4.0,3257
1461,Bangalore,East,Biryani,1,0,1,4.7,2822
1462,Delhi NCR,North,Desserts,1,0,0,3.5,2508
1463,Delhi NCR,North,Biryani,3,0,0,3.8,442
1464,Mumbai,South,North Indian,1,0,0,3.7,2825
1465,Hyderabad,East,Desserts,4,1,0,4.7,166
1466,Mumbai,Central,Italian,3,0,0,3.9,77
1467,Hyderabad,East,Biryani,2,1,0,4.3,1141
1468,Hyderabad,Central,Desserts,2,1,0,4.7,1243
1469,Pune,Central,Fast Food,2,0,1,4.9,1999
1470,Pune,Central,Fast Food,2,1,0,3.2,3256
1471,Mumbai,Central,Biryani,2,0,0,3.1,3670
1472,Bangalore,East,Italian,3,1,1,4.5,798
1473,Delhi NCR,South,Italian,3,0,0,3.7,1150
1474,Delhi NCR,Central,Desserts,2,0,1,3.5,2914
1475,Pune,Central,Italian,2,0,1,3.5,2131
1476,Pune,West,North Indian,1,0,0,3.3,4829
1477,Hyderabad,Central,Fast Food,1,0,0,4.4,2402
1478,Mumbai,South,Biryani,2,0,1,3.1,405
1479,Delhi NCR,West,Biryani,1,0,0,4.1,1268
1480,Delhi NCR,West,Desserts,1,0,1,3.5,4984
1481,Mumbai,South,Italian,3,0,0,4.0,4102
1482,Bangalore,West,Healthy Food,4,0,0,3.8,1822
1483,Delhi NCR,North,Desserts,2,0,0,4.0,1127
1484,Mumbai,Central,South Indian,2,0,0,5.0,3385
1485,Mumbai,East,South Indian,3,0,1,3.9,4923
1486,Bangalore,North,Desserts,1,0,1,4.7,244
1487,Mumbai,South,Desserts,2,0,0,3.7,3715
1488,Delhi NCR,South,Biryani,1,0,0,4.5,4739
1489,Bangalore,Central,Fast Food,3,1,0,4.4,975
1490,Hyderabad,North,Chinese,2,1,0,4.8,413
1491,Bangalore,East,Chinese,3,1,1,4.1,4304
1492,Hyderabad,East,Biryani,3,0,0,3.3,1154
1493,Delhi NCR,Central,Healthy Food,2,1,1,3.7,943
1494,Delhi NCR,Central,Desserts,2,0,0,4.9,4026
1495,Bangalore,North,South Indian,2,1,0,4.8,3821
1496,Bangalore,South,Fast Food,1,0,0,3.6,782
1497,Mumbai,North,Chinese,3,1,0,5.0,1132
1498,Delhi NCR,East,Chinese,2,0,0,4.9,947
1499,Bangalore,North,Healthy Food,2,0,0,3.5,4783
1500,Bangalore,West,Chinese,2,1,0,4.6,4455
1501,Mumbai,North,South Indian,2,1,1,4.2,1037
1502,Bangalore,Central,North Indian,2,0,0,4.4,749
1503,Pune,East,Healthy Food,1,0,0,3.4,2059
1504,Pune,West,Healthy Food,3,0,0,4.8,2600
1505,Bangalore,Central,Biryani,2,1,0,3.6,4038
1506,Mumbai,South,South Indian,2,0,0,3.8,1831
1507,Delhi NCR,East,South Indian,2,0,1,3.7,3125
1508,Delhi NCR,West,Italian,1,0,1,3.7,3814
1509,Mumbai,South,North Indian,1,0,0,4.3,3527
1510,Pune,Central,South Indian,3,0,1,4.2,3258
1511,Mumbai,Central,Healthy Food,2,0,0,4.3,3114
1512,Pune,South,Desserts,1,0,1,3.4,4909
1513,Pune,North,Chinese,4,0,0,4.0,1184
1514,Mumbai,Central,Chinese,1,0,0,4.1,946
1515,Bangalore,Central,Chinese,3,0,0,4.2,2421
1516,Delhi NCR,East,Fast Food,2,0,0,3.5,2762
1517,Hyderabad,North,Italian,1,0,0,3.5,4216
1518,Bangalore,West,Biryani,1,0,0,4.0,2027
1519,Mumbai,Central,Biryani,2,1,1,3.9,3122
1520,Bangalore,North,Fast Food,2,0,0,4.5,1599
1521,Pune,West,Italian,3,1,0,3.4,4765
1522,Delhi NCR,West,South Indian,1,0,1,4.3,3031
1523,Bangalore,South,Healthy Food,3,0,1,5.0,3725
1524,Delhi NCR,Central,Italian,1,1,0,3.0,4311
1525,Bangalore,North,Desserts,1,0,1,4.6,2679
1526,Mumbai,North,Desserts,1,0,0,4.3,4059
1527,Pune,South,Italian,1,0,0,4.8,2530
1528,Hyderabad,East,Healthy Food,1,0,0,3.3,2631
1529,Pune,West,Italian,1,1,0,4.8,1608
1530,Hyderabad,South,North Indian,1,0,0,4.6,3027
1531,Pune,South,Italian,2,0,0,4.3,213
1532,Pune,Central,South Indian,1,0,1,3.9,3818
1533,Bangalore,West,South Indian,1,0,0,4.6,4357
1534,Bangalore,Central,Chinese,1,0,0,4.8,3277
1535,Mumbai,Central,Italian,1,0,1,3.0,1251
1536,Hyderabad,South,Biryani,2,0,0,4.8,1636
1537,Delhi NCR,South,Biryani,2,1,0,4.9,1216
1538,Mumbai,South,Fast Food,2,1,0,3.9,3113
1539,Pune,West,Chinese,3,0,0,3.9,922
1540,Hyderabad,West,Chinese,1,1,0,4.6,1204
1541,Mumbai,South,Italian,3,0,0,3.3,3137
1542,Pune,West,Healthy Food,2,0,0,4.5,3838
1543,Pune,Central,Desserts,1,0,0,4.4,441
1544,Delhi NCR,North,Chinese,1,0,0,4.0,2614
1545,Delhi NCR,East,Fast Food,1,1,1,3.5,4630
1546,Delhi NCR,West,Biryani,2,0,1,4.4,2416
1547,Mumbai,West,Desserts,2,0,1,3.3,211
1548,Delhi NCR,North,Chinese,2,0,0,3.8,4140
1549,Hyderabad,North,Chinese,2,0,0,4.5,126
1550,Hyderabad,West,Biryani,2,0,0,3.3,4526
1551,Delhi NCR,West,Italian,2,0,0,3.4,4237
1552,Hyderabad,East,Fast Food,2,0,0,4.0,393
1553,Delhi NCR,Central,Desserts,2,0,0,3.3,1151
1554,Mumbai,East,Chinese,2,0,0,4.6,1473
1555,Delhi NCR,East,Chinese,4,0,1,3.2,4597
1556,Delhi NCR,North,Italian,1,0,1,5.0,2144
1557,Mumbai,South,Fast Food,1,0,0,4.9,4576
1558,Pune,South,Biryani,2,0,0,4.9,866
1559,Pune,East,Fast Food,1,0,1,3.1,2739
1560,Mumbai,East,North Indian,2,0,0,3.6,3560
1561,Mumbai,North,Healthy Food,2,0,1,4.3,2483
1562,Pune,North,Healthy Food,2,0,1,3.2,851
1563,Mumbai,Central,Fast Food,2,0,1,3.7,4088
1564,Bangalore,Central,South Indian,2,0,0,4.3,4685
1565,Bangalore,Central,Fast Food,4,0,1,4.9,1172
1566,Bangalore,South,North Indian,1,0,1,3.2,4538
1567,Pune,Central,North Indian,3,0,0,3.5,3064
1568,Bangalore,South,Biryani,2,1,0,3.5,3824
1569,Hyderabad,North,Italian,2,0,0,4.3,4519
1570,Mumbai,East,North Indian,1,0,0,5.0,1154
1571,Mumbai,West,North Indian,2,0,0,3.4,1482
1572,Delhi NCR,South,South Indian,2,0,1,4.3,775
1573,Mumbai,Central,South Indian,2,0,1,4.7,2965
1574,Mumbai,West,Biryani,2,1,0,3.7,1411
1575,Bangalore,North,Biryani,3,0,1,4.0,1206
1576,Mumbai,Central,Healthy Food,2,1,0,4.5,2405
1577,Hyderabad,Central,South Indian,2,0,0,4.7,3710
1578,Delhi NCR,South,Italian,1,1,1,3.2,1098
1579,Mumbai,East,Chinese,2,0,0,4.5,2893
1580,Bangalore,South,Biryani,3,0,0,3.2,3035
1581,Pune,South,Healthy Food,3,0,0,4.1,2591
1582,Delhi NCR,Central,Biryani,2,0,0,3.8,3601
1583,Hyderabad,Central,Desserts,3,1,0,3.8,2363
1584,Delhi NCR,South,South Indian,1,0,0,4.2,1846
1585,Pune,North,Italian,1,0,0,4.4,4343
1586,Mumbai,South,North Indian,2,1,0,3.0,2246
1587,Mumbai,North,Italian,2,0,0,3.0,1983
1588,Delhi NCR,East,Biryani,1,1,0,4.2,2065
1589,Mumbai,Central,Chinese,1,0,0,4.2,962
1590,Mumbai,South,South Indian,1,0,0,3.1,4717
1591,Hyderabad,Central,North Indian,1,0,1,3.4,3931
1592,Hyderabad,East,Italian,3,0,0,3.8,2875
1593,Hyderabad,Central,Healthy Food,2,0,1,4.8,1538
1594,Mumbai,Central,Chinese,4,0,0,3.0,2276
1595,Mumbai,South,North Indian,1,1,1,3.6,3394
1596,Mumbai,West,Biryani,3,0,0,4.1,1732
1597,Bangalore,West,Chinese,2,1,0,4.1,2482
1598,Pune,East,Desserts,2,0,1,4.7,2076
1599,Pune,East,Italian,1,0,1,4.1,447
1600,Mumbai,East,North Indian,3,0,0,4.2,3546
1601,Bangalore,West,Healthy Food,1,0,0,3.5,1608
1602,Bangalore,East,Italian,1,0,0,4.5,1130
1603,Delhi NCR,East,Healthy Food,2,0,1,3.3,1597
1604,Delhi NCR,Central,Desserts,4,1,1,3.4,4459
1605,Bangalore,East,South Indian,2,0,1,4.6,4729
1606,Mumbai,South,South Indian,1,0,0,3.6,2017
1607,Hyderabad,Central,Biryani,2,0,0,3.8,1446
1608,Hyderabad,East,Chinese,1,0,0,3.1,2283
1609,Mumbai,East,Biryani,2,0,0,4.6,225
1610,Pune,South,Fast Food,2,0,0,3.3,3088
1611,Bangalore,East,South Indian,2,0,0,5.0,4683
1612,Hyderabad,North,Healthy Food,2,0,0,4.8,4454
1613,Mumbai,West,Fast Food,3,0,1,3.4,911
1614,Hyderabad,North,Biryani,2,0,0,3.8,1031
1615,Pune,Central,Desserts,1,1,0,4.4,1910
1616,Hyderabad,North,Italian,4,0,0,4.0,2134
1617,Delhi NCR,West,Italian,2,0,0,4.4,1915
1618,Hyderabad,West,Fast Food,3,0,0,3.6,1110
1619,Mumbai,Central,North Indian,1,0,1,3.8,768
1620,Pune,South,Healthy Food,2,0,0,4.4,1622
1621,Delhi NCR,South,Healthy Food,1,1,0,4.4,1943
1622,Mumbai,North,South Indian,2,0,1,3.6,623
1623,Mumbai,South,South Indian,2,0,0,4.3,4797
1624,Pune,East,South Indian,4,0,1,3.6,4424
1625,Hyderabad,East,Italian,1,0,0,4.6,2680
1626,Hyderabad,West,Italian,3,0,0,3.9,4365
1627,Delhi NCR,West,Italian,3,0,1,4.5,310
1628,Bangalore,East,Healthy Food,2,1,0,4.4,3358
1629,Hyderabad,North,Chinese,2,0,1,4.9,678
1630,Hyderabad,Central,Chinese,2,0,1,4.3,3276
1631,Mumbai,South,South Indian,2,0,0,3.8,3007
1632,Delhi NCR,West,Biryani,2,1,0,3.7,532
1633,Delhi NCR,East,Desserts,1,0,0,4.9,3169
1634,Bangalore,South,Chinese,2,0,0,4.6,1470
1635,Mumbai,East,Italian,3,0,0,3.9,472
1636,Mumbai,West,Chinese,1,0,1,4.2,1393
1637,Pune,East,Italian,2,0,0,4.2,658
1638,Hyderabad,South,Desserts,3,0,1,4.1,4889
1639,Hyderabad,East,Biryani,1,0,0,4.7,1037
1640,Hyderabad,South,Chinese,2,0,1,3.2,572
1641,Delhi NCR,East,Italian,2,0,0,3.6,4320
1642,Bangalore,South,North Indian,4,0,1,3.8,2260
1643,Bangalore,South,South Indian,4,0,0,3.2,885
1644,Bangalore,Central,Italian,2,0,0,3.5,4932
1645,Hyderabad,North,Fast Food,2,0,0,4.3,599
1646,Pune,Central,Chinese,3,1,0,4.3,610
1647,Bangalore,Central,Desserts,2,0,1,3.2,27
1648,Delhi NCR,South,North Indian,2,0,1,3.4,4671
1649,Mumbai,North,Italian,2,0,0,3.8,4347
1650,Bangalore,South,Healthy Food,2,0,0,3.4,965
1651,Delhi NCR,Central,Fast Food,1,0,0,3.3,453
1652,Pune,Central,South Indian,2,0,1,4.3,930
1653,Hyderabad,West,Fast Food,1,1,1,4.4,2412
1654,Pune,West,South Indian,1,0,1,4.3,4737
1655,Pune,East,Italian,2,0,1,4.5,835
1656,Mumbai,Central,Desserts,1,1,0,4.9,3129
1657,Bangalore,North,South Indian,1,0,1,3.2,1170
1658,Bangalore,North,Chinese,2,0,0,3.1,2700
1659,Pune,East,Biryani,2,0,0,4.0,4487
1660,Mumbai,East,Italian,2,0,1,4.6,1323
1661,Bangalore,West,North Indian,3,0,1,3.7,3781
1662,Mumbai,North,Biryani,1,0,0,4.5,3868
1663,Pune,East,Italian,2,0,1,3.2,1002
1664,Bangalore,South,Healthy Food,1,0,1,4.2,457
1665,Hyderabad,Central,Desserts,2,0,0,4.0,210
1666,Pune,North,South Indian,2,1,0,4.8,4024
1667,Mumbai,North,Biryani,3,0,0,4.5,147
1668,Bangalore,West,South Indian,4,1,0,4.9,3279
1669,Bangalore,Central,Biryani,2,1,1,4.2,283
1670,Mumbai,East,Healthy Food,2,0,0,3.8,1764
1671,Pune,Central,Italian,4,0,0,4.8,3532
1672,Mumbai,South,Italian,3,0,1,3.6,2199
1673,Pune,East,Italian,3,0,0,4.8,1618
1674,Pune,East,Italian,2,1,0,4.7,4570
1675,Mumbai,East,Chinese,3,0,0,3.9,2975
1676,Mumbai,East,Desserts,3,0,0,3.6,1745
1677,Delhi NCR,North,Fast Food,2,0,0,4.4,3197
1678,Bangalore,North,Chinese,2,0,0,3.7,748
1679,Bangalore,Central,Chinese,1,0,0,5.0,412
1680,Delhi NCR,West,Healthy Food,3,0,0,3.3,2687
1681,Bangalore,East,Chinese,4,0,0,4.5,263
1682,Hyderabad,Central,North Indian,1,0,0,4.0,4670
1683,Mumbai,North,South Indian,2,0,0,3.7,2349
1684,Delhi NCR,East,Chinese,4,0,0,3.2,3472
1685,Bangalore,East,Chinese,2,0,0,3.8,3210
1686,Hyderabad,West,Chinese,1,0,1,4.7,2247
1687,Mumbai,East,Fast Food,1,0,0,3.0,4956
1688,Mumbai,West,South Indian,3,0,0,4.9,846
1689,Delhi NCR,North,South Indian,3,0,1,4.1,3546
1690,Hyderabad,West,North Indian,4,0,0,4.2,1473
1691,Mumbai,West,South Indian,2,1,0,4.1,1609
1692,Hyderabad,North,North Indian,2,0,1,3.4,2369
1693,Hyderabad,West,Italian,2,0,0,4.1,3303
1694,Mumbai,North,Chinese,3,0,1,4.7,1328
1695,Pune,Central,North Indian,1,1,0,3.7,3731
1696,Hyderabad,Central,Fast Food,2,0,1,4.7,4632
1697,Delhi NCR,East,Desserts,2,0,0,3.7,3606
1698,Mumbai,Central,Chinese,3,1,1,4.8,2487
1699,Pune,Central,Healthy Food,1,0,0,4.2,2945
1700,Bangalore,Central,Chinese,2,0,0,3.0,1012
1701,Bangalore,North,South Indian,3,0,1,4.6,4587
1702,Mumbai,South,North Indian,2,0,1,3.8,886
1703,Bangalore,North,Biryani,2,0,0,3.1,3318
1704,Delhi NCR,South,North Indian,2,0,0,4.4,1227
1705,Hyderabad,Central,Fast Food,1,0,1,4.7,3744
1706,Mumbai,Central,Biryani,2,0,0,3.4,2749
1707,Pune,West,Chinese,1,0,0,4.3,3423
1708,Mumbai,South,North Indian,2,0,1,4.5,2371
1709,Bangalore,Central,North Indian,1,0,0,4.7,1384
1710,Bangalore,South,South Indian,1,0,1,4.7,2458
1711,Bangalore,East,Biryani,1,1,0,3.8,3141
1712,Delhi NCR,South,Biryani,3,0,1,3.0,3422
1713,Mumbai,Central,Italian,1,0,0,3.5,4252
1714,Mumbai,East,Desserts,2,1,0,4.9,4190
1715,Mumbai,West,South Indian,2,1,0,4.3,976
1716,Bangalore,North,Healthy Food,2,0,0,3.0,2350
1717,Delhi NCR,North,Biryani,1,0,1,4.9,623
1718,Pune,North,South Indian,2,1,0,4.3,4138
1719,Pune,East,Chinese,1,1,1,4.4,222
1720,Bangalore,South,Fast Food,1,1,0,3.1,248
1721,Delhi NCR,Central,Biryani,2,0,0,3.5,306
1722,Delhi NCR,East,Desserts,2,0,0,4.6,124
1723,Delhi NCR,South,North Indian,2,1,0,4.5,836
1724,Bangalore,South,Fast Food,2,0,1,4.8,1103
1725,Bangalore,North,Fast Food,3,0,1,4.4,1428
1726,Bangalore,North,Biryani,1,0,1,3.7,4154
1727,Bangalore,West,Desserts,1,0,1,4.7,1792
1728,Bangalore,West,Desserts,2,0,0,4.6,3607
1729,Hyderabad,West,Desserts,2,0,0,3.8,301
1730,Pune,East,Biryani,1,1,0,3.8,4977
1731,Delhi NCR,Central,Italian,2,0,0,3.6,4315
1732,Bangalore,West,North Indian,2,0,0,3.6,2334
1733,Pune,West,South Indian,1,1,1,3.2,3932
1734,Hyderabad,South,Chinese,2,1,0,3.1,2335
1735,Mumbai,South,South Indian,4,0,1,3.0,1269
1736,Pune,West,Fast Food,2,0,0,4.5,4642
1737,Bangalore,North,South Indian,2,0,0,4.7,758
1738,Delhi NCR,West,Healthy Food,1,0,0,4.3,1505
1739,Delhi NCR,South,South Indian,1,1,0,5.0,348
1740,Bangalore,Central,South Indian,2,1,1,4.4,3045
1741,Delhi NCR,West,Chinese,2,0,0,5.0,1967
1742,Hyderabad,East,Healthy Food,1,0,1,4.8,1693
1743,Delhi NCR,East,North Indian,2,0,0,3.3,1233
1744,Mumbai,West,Chinese,2,0,0,4.8,2806
1745,Delhi NCR,West,South Indian,2,0,0,3.8,4686
1746,Delhi NCR,Central,Chinese,2,0,0,4.0,1266
1747,Mumbai,Central,South Indian,2,0,0,4.7,3503
1748,Delhi NCR,East,Healthy Food,3,0,0,3.5,2925
1749,Mumbai,North,Biryani,2,0,0,3.4,4936
1750,Mumbai,East,Desserts,2,0,0,3.6,4443
1751,Bangalore,East,South Indian,2,0,1,3.2,4612
1752,Mumbai,East,Biryani,2,1,0,4.6,4468
1753,Hyderabad,Central,Chinese,2,1,0,3.3,1672
1754,Bangalore,South,North Indian,2,0,0,4.0,1527
1755,Bangalore,North,Italian,1,0,0,3.5,2840
1756,Delhi NCR,East,Fast Food,1,0,0,4.4,1431
1757,Mumbai,Central,Chinese,2,0,0,3.2,83
1758,Hyderabad,Central,South Indian,2,0,0,5.0,2921
1759,Mumbai,North,North Indian,2,0,0,3.8,2278
1760,Bangalore,West,Desserts,4,0,0,4.6,2607
1761,Mumbai,Central,Healthy Food,1,0,0,5.0,1166
1762,Pune,South,Healthy Food,2,0,0,4.2,12
1763,Pune,Central,South Indian,1,0,0,3.8,664
1764,Mumbai,West,Desserts,3,0,0,4.1,4539
1765,Bangalore,North,Chinese,2,0,0,4.0,3066
1766,Pune,East,North Indian,2,0,1,4.6,4361
1767,Hyderabad,North,Biryani,2,0,1,4.4,3863
1768,Hyderabad,West,South Indian,2,0,1,4.8,3953
1769,Pune,North,Fast Food,2,0,0,3.9,1093
1770,Hyderabad,North,North Indian,2,1,0,4.7,986
1771,Delhi NCR,North,Chinese,2,0,1,3.1,31
1772,Pune,East,Chinese,2,1,1,4.6,3967
1773,Hyderabad,North,Fast Food,1,0,0,3.5,3036
1774,Delhi NCR,South,North Indian,2,1,0,5.0,4079
1775,Pune,South,Desserts,3,0,0,4.3,4436
1776,Pune,Central,Fast Food,3,0,0,4.8,1552
1777,Hyderabad,South,Fast Food,1,0,1,4.0,4413
1778,Pune,West,Italian,1,1,1,3.4,3318
1779,Hyderabad,South,Italian,1,0,0,3.2,2364
1780,Delhi NCR,South,Fast Food,2,0,0,3.1,4984
1781,Hyderabad,West,Desserts,2,0,1,3.7,1290
1782,Hyderabad,East,Fast Food,2,1,0,3.2,358
1783,Delhi NCR,South,Chinese,2,0,1,4.5,206
1784,Bangalore,East,Chinese,1,0,1,4.1,4150
1785,Bangalore,North,Desserts,1,1,0,3.5,1447
1786,Bangalore,Central,Fast Food,2,0,0,4.3,3750
1787,Hyderabad,Central,Chinese,2,0,0,3.9,1280
1788,Hyderabad,West,North Indian,1,1,1,3.8,4085
1789,Bangalore,East,Biryani,2,0,0,3.7,3035
1790,Bangalore,West,Chinese,1,0,1,4.5,3380
1791,Mumbai,Central,Fast Food,1,0,0,4.8,178
1792,Pune,Central,Chinese,1,0,1,4.9,3947
1793,Delhi NCR,South,Chinese,2,0,0,3.8,1137
1794,Pune,East,Fast Food,2,0,1,4.2,2307
1795,Bangalore,South,South Indian,4,0,0,3.8,1861
1796,Hyderabad,West,Italian,2,0,1,5.0,2877
1797,Mumbai,South,Italian,1,0,0,3.5,3654
1798,Bangalore,North,North Indian,3,0,0,3.4,4491
1799,Delhi NCR,North,North Indian,2,1,0,3.5,1775
1800,Pune,East,Desserts,2,0,0,3.3,1023
1801,Pune,Central,Biryani,2,0,1,4.2,452
1802,Pune,West,North Indian,4,0,0,3.9,3917
1803,Mumbai,West,Desserts,1,1,1,3.4,3288
1804,Bangalore,North,Chinese,1,1,0,4.4,3193
1805,Delhi NCR,North,Desserts,4,1,0,3.9,1432
1806,Hyderabad,South,Chinese,1,0,0,3.3,150
1807,Mumbai,West,Desserts,1,0,0,4.1,2105
1808,Delhi NCR,West,Chinese,2,0,1,3.8,2909
1809,Pune,North,Chinese,1,0,1,3.0,477
1810,Pune,South,South Indian,2,0,1,3.6,1726
1811,Hyderabad,West,Fast Food,1,0,1,4.0,4079
1812,Pune,West,Chinese,1,0,1,3.4,4673
1813,Bangalore,West,Fast Food,3,0,0,3.1,2380
1814,Pune,South,Fast Food,1,0,0,4.1,4100
1815,Hyderabad,South,Italian,1,1,0,4.6,4411
1816,Delhi NCR,East,North Indian,1,1,1,3.6,3925
1817,Mumbai,South,Fast Food,4,0,0,4.1,3439
1818,Delhi NCR,South,Chinese,3,1,1,4.3,4280
1819,Delhi NCR,South,Italian,2,0,1,4.8,186
1820,Bangalore,West,North Indian,2,0,0,4.4,2173
1821,Mumbai,South,Italian,2,0,0,4.1,1106
1822,Mumbai,North,Chinese,2,0,0,3.8,1379
1823,Delhi NCR,East,South Indian,1,0,1,3.1,1223
1824,Delhi NCR,South,Italian,1,0,0,4.3,3432
1825,Pune,West,North Indian,2,0,1,4.8,1910
1826,Bangalore,South,North Indian,1,0,0,4.1,1157
1827,Mumbai,South,North Indian,3,0,0,3.9,4811
1828,Hyderabad,South,Fast Food,2,0,0,4.3,3594
1829,Mumbai,South,Italian,2,1,0,3.9,4683
1830,Mumbai,Central,Chinese,2,0,1,4.1,4284
1831,Delhi NCR,Central,Chinese,1,0,1,3.0,3770
1832,Delhi NCR,North,Fast Food,1,0,0,4.8,1403
1833,Pune,East,North Indian,1,1,0,3.4,4452
1834,Pune,West,Fast Food,2,0,0,3.3,2780
1835,Mumbai,East,Healthy Food,1,0,1,4.0,180
1836,Hyderabad,West,Chinese,3,0,0,4.4,4401
1837,Mumbai,North,Desserts,1,0,0,4.5,2522
1838,Mumbai,Central,North Indian,2,0,0,4.3,611
1839,Hyderabad,South,Healthy Food,2,0,0,4.5,3022
1840,Pune,Central,Biryani,3,0,0,3.5,4807
1841,Hyderabad,East,Desserts,1,0,1,4.5,2414
1842,Hyderabad,North,Biryani,2,1,0,3.1,1206
1843,Delhi NCR,Central,Desserts,1,0,0,4.0,343
1844,Pune,Central,Chinese,4,0,0,4.6,4709
1845,Pune,East,South Indian,1,0,1,3.0,1694
1846,Bangalore,West,Desserts,2,0,1,4.8,38
1847,Delhi NCR,West,Healthy Food,2,1,0,3.2,326
1848,Mumbai,Central,North Indian,3,0,1,4.8,2654
1849,Mumbai,North,Healthy Food,2,0,1,4.3,4613
1850,Delhi NCR,North,Biryani,1,1,0,4.7,4451
1851,Pune,East,Chinese,1,0,1,5.0,3949
1852,Mumbai,North,South Indian,1,1,1,4.2,2410
1853,Bangalore,East,Chinese,1,0,0,4.4,252
1854,Hyderabad,North,Biryani,2,0,0,3.3,4011
1855,Hyderabad,South,Biryani,2,0,0,3.1,677
1856,Mumbai,Central,North Indian,3,0,0,4.8,2961
1857,Pune,South,South Indian,2,0,0,4.5,4158
1858,Hyderabad,East,South Indian,2,1,0,4.4,692
1859,Bangalore,East,Desserts,2,0,0,4.6,2215
1860,Bangalore,Central,Healthy Food,1,0,1,3.5,748
1861,Hyderabad,West,Biryani,1,0,0,3.5,4467
1862,Bangalore,South,Fast Food,1,0,0,4.6,3889
1863,Mumbai,South,Italian,4,0,0,3.7,1163
1864,Mumbai,West,North Indian,3,0,0,3.4,2230
1865,Delhi NCR,East,Fast Food,1,1,1,3.8,2147
1866,Pune,South,Desserts,3,1,0,3.8,2062
1867,Hyderabad,South,Chinese,1,0,0,4.7,4531
1868,Mumbai,Central,Fast Food,2,0,0,4.4,484
1869,Mumbai,Central,Italian,2,0,1,3.3,2088
1870,Bangalore,South,Italian,3,0,0,3.7,812
1871,Bangalore,South,Desserts,1,0,0,3.3,4950
1872,Pune,South,Fast Food,2,0,1,3.9,2048
1873,Hyderabad,South,Desserts,3,0,0,3.5,2139
1874,Delhi NCR,North,Desserts,1,1,0,3.6,2528
1875,Pune,Central,Biryani,2,1,0,4.6,4805
1876,Bangalore,West,Desserts,1,0,0,3.0,4503
1877,Hyderabad,North,South Indian,1,0,1,3.5,2268
1878,Delhi NCR,East,North Indian,2,0,0,4.6,291
1879,Mumbai,North,Desserts,1,0,1,4.7,3157
1880,Delhi NCR,West,South Indian,3,0,0,3.7,617
1881,Mumbai,South,Desserts,3,1,0,4.6,3910
1882,Bangalore,South,Italian,2,0,0,3.3,1938
1883,Bangalore,South,Desserts,1,0,0,4.4,3759
1884,Hyderabad,South,Italian,2,1,0,4.0,2650
1885,Hyderabad,Central,Desserts,2,0,0,4.0,4112
1886,Pune,South,Fast Food,3,0,1,3.8,66
1887,Delhi NCR,East,North Indian,1,0,0,4.2,4189
1888,Pune,North,Desserts,1,1,0,3.6,3395
1889,Pune,West,Desserts,2,0,0,3.3,681
1890,Hyderabad,South,South Indian,2,1,0,4.4,2655
1891,Bangalore,West,South Indian,2,0,0,3.9,1923
1892,Bangalore,East,Biryani,1,0,0,4.7,3231
1893,Delhi NCR,North,Fast Food,1,0,0,4.3,3585
1894,Delhi NCR,Central,Italian,4,0,0,3.3,1629
1895,Bangalore,North,Fast Food,1,1,0,4.4,2559
1896,Delhi NCR,North,Italian,3,1,0,5.0,14
1897,Delhi NCR,Central,North Indian,2,0,1,4.8,4486
1898,Bangalore,Central,North Indian,4,1,0,3.2,3991
1899,Mumbai,South,North Indian,4,1,0,4.7,4335
1900,Bangalore,East,Biryani,1,0,0,3.4,3605
1901,Mumbai,West,Biryani,2,0,0,3.2,4833
1902,Delhi NCR,South,South Indian,2,0,0,4.8,4300
1903,Delhi NCR,South,North Indian,2,1,0,4.5,4942
1904,Hyderabad,East,Healthy Food,1,0,0,4.6,4631
1905,Mumbai,North,Chinese,1,0,1,3.5,335
1906,Pune,South,South Indian,1,0,0,3.7,3098
1907,Bangalore,West,Fast Food,2,1,1,3.5,4135
1908,Hyderabad,West,Biryani,1,0,1,4.9,1839
1909,Delhi NCR,East,Chinese,2,0,0,4.4,4914
1910,Delhi NCR,East,Italian,2,0,0,4.4,489
1911,Mumbai,South,Fast Food,4,1,0,3.7,4378
1912,Bangalore,North,South Indian,2,0,0,3.3,1342
1913,Hyderabad,South,South Indian,2,0,1,3.0,701
1914,Pune,West,Desserts,2,0,0,4.7,3706
1915,Mumbai,East,Biryani,2,0,0,3.5,3620
1916,Hyderabad,North,Biryani,2,0,0,4.2,1722
1917,Hyderabad,South,South Indian,2,1,0,3.5,684
1918,Hyderabad,East,Fast Food,2,0,0,4.4,4361
1919,Delhi NCR,South,Chinese,3,0,1,4.2,1404
1920,Hyderabad,Central,Italian,2,0,0,4.9,2207
1921,Bangalore,Central,North Indian,1,0,0,3.1,3489
1922,Pune,Central,Italian,2,1,0,3.5,327
1923,Pune,East,Italian,2,0,1,4.3,3033
1924,Bangalore,South,Healthy Food,4,0,0,3.9,1827
1925,Pune,West,Fast Food,1,0,0,3.9,4508
1926,Mumbai,South,North Indian,2,1,0,4.0,3997
1927,Bangalore,East,Fast Food,1,0,0,4.0,1208
1928,Delhi NCR,North,Healthy Food,1,0,0,4.3,1724
1929,Mumbai,West,North Indian,4,0,1,4.2,2678
1930,Mumbai,Central,Fast Food,2,1,0,3.2,2731
1931,Pune,West,North Indian,1,0,1,3.6,933
1932,Hyderabad,North,South Indian,2,0,0,5.0,1630
1933,Bangalore,West,Fast Food,3,0,1,4.7,272
1934,Delhi NCR,West,Italian,1,0,0,3.2,1863
1935,Hyderabad,North,Healthy Food,2,1,0,3.3,1467
1936,Mumbai,East,South Indian,1,0,0,3.0,3170
1937,Hyderabad,East,Fast Food,1,0,0,4.3,1705
1938,Pune,East,Italian,2,1,1,4.8,3033
1939,Mumbai,West,Biryani,2,0,0,4.6,1670
1940,Delhi NCR,South,South Indian,1,1,1,4.5,530
1941,Bangalore,North,Fast Food,4,0,0,4.5,3165
1942,Hyderabad,South,Biryani,2,0,0,4.5,1158
1943,Bangalore,West,North Indian,2,0,0,4.5,1832
1944,Delhi NCR,West,Italian,1,0,1,3.6,1361
1945,Delhi NCR,West,Chinese,2,1,1,4.7,2471
1946,Mumbai,West,Fast Food,2,0,0,3.6,3688
1947,Pune,Central,Chinese,3,0,0,4.0,1055
1948,Bangalore,East,Italian,2,1,0,4.5,2983
1949,Bangalore,Central,Healthy Food,2,0,0,4.9,808
1950,Pune,East,Healthy Food,2,0,1,3.9,1003
1951,Pune,North,Italian,2,0,0,4.4,224
1952,Hyderabad,East,Healthy Food,1,0,0,4.0,1415
1953,Pune,South,South Indian,1,0,0,4.6,2864
1954,Delhi NCR,Central,South Indian,2,0,0,4.4,1165
1955,Hyderabad,East,Chinese,1,0,0,4.6,1035
1956,Mumbai,East,Chinese,1,0,0,3.1,2194
1957,Mumbai,North,Desserts,2,0,0,3.6,2593
1958,Mumbai,West,Fast Food,1,0,0,4.0,649
1959,Hyderabad,West,South Indian,3,0,0,3.1,873
1960,Delhi NCR,West,Healthy Food,2,0,1,3.1,118
1961,Bangalore,South,Healthy Food,2,0,1,4.2,4388
1962,Delhi NCR,Central,Fast Food,2,0,1,4.7,2184
1963,Pune,North,Healthy Food,2,0,0,3.8,4009
1964,Delhi NCR,West,South Indian,1,0,0,3.2,2947
1965,Bangalore,North,Chinese,4,0,0,3.9,2370
1966,Delhi NCR,East,Biryani,3,0,0,3.5,2152
1967,Bangalore,South,South Indian,3,0,1,4.9,1005
1968,Hyderabad,South,Desserts,4,1,0,3.3,2527
1969,Mumbai,Central,Fast Food,2,0,0,4.5,83
1970,Pune,West,Biryani,2,0,0,3.8,3474
1971,Pune,East,North Indian,3,0,0,3.9,549
1972,Pune,East,Chinese,2,0,0,3.5,3257
1973,Delhi NCR,West,South Indian,1,0,0,3.1,1128
1974,Mumbai,North,Desserts,2,0,0,4.8,4917
1975,Delhi NCR,South,Biryani,2,0,0,4.9,2444
1976,Pune,East,Desserts,2,0,1,3.9,1721
1977,Delhi NCR,East,Healthy Food,4,0,0,4.6,4405
1978,Hyderabad,South,South Indian,2,1,0,3.2,1432
1979,Hyderabad,North,Italian,2,0,1,4.5,1458
1980,Delhi NCR,Central,South Indian,2,0,0,3.1,587
1981,Delhi NCR,Central,Chinese,3,0,0,4.0,764
1982,Hyderabad,Central,Desserts,2,0,0,4.1,1632
1983,Mumbai,North,South Indian,1,1,0,4.2,4207
1984,Delhi NCR,North,Chinese,2,0,0,4.3,4738
1985,Pune,West,Italian,1,0,0,3.9,85
1986,Delhi NCR,South,Chinese,1,1,0,3.7,3107
1987,Hyderabad,Central,Italian,2,0,1,4.4,285
1988,Mumbai,Central,Biryani,2,1,0,3.8,3699
1989,Delhi NCR,North,Healthy Food,4,0,0,3.9,4718
1990,Delhi NCR,East,Italian,2,1,0,5.0,3591
1991,Delhi NCR,West,Chinese,1,0,1,3.2,2322
1992,Hyderabad,South,Biryani,2,1,0,4.4,4310
1993,Pune,West,Italian,1,0,1,3.6,1900
1994,Bangalore,West,Biryani,2,0,0,4.2,203
1995,Mumbai,Central,Italian,2,1,1,3.4,630
1996,Delhi NCR,East,North Indian,1,1,0,4.3,3507
1997,Bangalore,East,Desserts,2,0,0,3.5,117
1998,Hyderabad,North,Desserts,2,1,1,3.1,4705
1999,Pune,West,Desserts,4,1,0,3.8,2207
2000,Mumbai,East,Biryani,2,0,0,3.9,1548
